PQID,UID,Year,Month,Day,CMT_AMT,CAT,UNM
3420,12747,2013,7,18,6,I,Sascha Montellese
3420,12747,2013,8,3,4,I,Sascha Montellese
3541,12747,2013,2,18,3,I,Sascha Montellese
3552,12747,2013,9,14,1,I,Sascha Montellese
3731,12747,2013,7,22,19,I,Sascha Montellese
3756,12747,2012,12,20,1,I,Sascha Montellese
3756,12747,2013,7,18,6,I,Sascha Montellese
3779,12747,2013,5,21,1,I,Sascha Montellese
3875,12747,2013,6,5,8,I,Sascha Montellese
3894,12747,2013,6,3,3,I,Sascha Montellese
3906,16689,2013,6,1,1,I,Jonathan Marshall
3907,16689,2013,6,1,1,I,Jonathan Marshall
3938,12747,2013,5,21,1,I,Sascha Montellese
3942,12747,2013,5,18,1,I,Sascha Montellese
3943,12747,2013,5,18,2,I,Sascha Montellese
3970,16689,2013,5,11,5,I,Jonathan Marshall
4035,12747,2012,11,13,5,I,Sascha Montellese
4035,12747,2013,4,27,11,I,Sascha Montellese
4081,12747,2013,4,14,10,I,Sascha Montellese
4098,12747,2013,4,12,2,I,Sascha Montellese
4178,12747,2013,4,7,7,I,Sascha Montellese
4230,12747,2013,3,16,7,I,Sascha Montellese
4230,12747,2013,4,4,2,I,Sascha Montellese
4274,12747,2013,3,26,1,I,Sascha Montellese
4281,15946,2012,3,29,1,I,Salvatore Sanfilippo
4281,15946,2012,4,13,65,I,Salvatore Sanfilippo
4281,15946,2012,5,2,48,I,Salvatore Sanfilippo
4281,15946,2012,6,1,13,I,Salvatore Sanfilippo
4281,15946,2012,7,18,19,I,Salvatore Sanfilippo
4281,15946,2012,8,1,20,I,Salvatore Sanfilippo
4281,15946,2012,9,4,18,I,Salvatore Sanfilippo
4281,15946,2012,10,26,21,I,Salvatore Sanfilippo
4347,12747,2013,2,7,2,I,Sascha Montellese
4347,12747,2013,3,7,12,I,Sascha Montellese
4367,15946,2012,3,29,70,I,Salvatore Sanfilippo
4367,15946,2012,4,13,95,I,Salvatore Sanfilippo
4387,12747,2013,3,11,2,I,Sascha Montellese
4437,12747,2013,1,7,4,I,Sascha Montellese
4437,12747,2013,2,2,8,I,Sascha Montellese
4437,12747,2013,3,1,1,I,Sascha Montellese
4437,16689,2012,12,3,1,I,Jonathan Marshall
4437,16689,2013,1,2,30,I,Jonathan Marshall
4437,16689,2013,2,7,3,I,Jonathan Marshall
4529,12747,2013,3,1,1,I,Sascha Montellese
4548,12747,2013,2,25,1,I,Sascha Montellese
4581,12747,2013,1,7,4,I,Sascha Montellese
4581,12747,2013,2,2,1,I,Sascha Montellese
4581,16689,2012,12,3,1,I,Jonathan Marshall
4581,16689,2013,1,2,30,I,Jonathan Marshall
4581,16689,2013,2,7,3,I,Jonathan Marshall
4609,12747,2012,11,28,1,I,Sascha Montellese
4609,12747,2013,2,18,6,I,Sascha Montellese
4658,15946,2012,11,2,3,I,Salvatore Sanfilippo
4658,15946,2013,1,21,23,I,Salvatore Sanfilippo
4658,15946,2013,2,5,29,I,Salvatore Sanfilippo
4658,15946,2013,3,4,45,I,Salvatore Sanfilippo
4658,15946,2013,4,2,18,I,Salvatore Sanfilippo
4658,15946,2013,5,2,53,I,Salvatore Sanfilippo
4658,15946,2013,6,4,27,I,Salvatore Sanfilippo
4658,15946,2013,7,7,13,I,Salvatore Sanfilippo
4735,12747,2013,2,18,11,I,Sascha Montellese
4782,12747,2013,2,2,1,I,Sascha Montellese
4812,15946,2013,4,18,17,I,Salvatore Sanfilippo
4812,15946,2013,5,2,7,I,Salvatore Sanfilippo
4822,12747,2013,1,29,1,I,Sascha Montellese
4926,15946,2012,4,19,31,I,Salvatore Sanfilippo
4926,15946,2012,5,2,48,I,Salvatore Sanfilippo
4926,15946,2012,6,1,13,I,Salvatore Sanfilippo
4926,15946,2012,7,18,19,I,Salvatore Sanfilippo
4926,15946,2012,8,1,20,I,Salvatore Sanfilippo
4926,15946,2012,9,4,18,I,Salvatore Sanfilippo
4926,15946,2012,10,26,24,I,Salvatore Sanfilippo
4926,15946,2012,11,1,25,I,Salvatore Sanfilippo
4926,15946,2012,12,20,10,I,Salvatore Sanfilippo
4933,16689,2013,1,8,1,I,Jonathan Marshall
4960,16689,2013,1,2,1,I,Jonathan Marshall
4980,16689,2012,12,29,2,I,Jonathan Marshall
5026,15946,2011,7,11,14,I,Salvatore Sanfilippo
5026,15946,2011,8,9,2,I,Salvatore Sanfilippo
5026,15946,2011,9,11,39,I,Salvatore Sanfilippo
5026,15946,2011,10,3,32,I,Salvatore Sanfilippo
5026,15946,2011,11,11,22,I,Salvatore Sanfilippo
5026,15946,2011,12,1,16,I,Salvatore Sanfilippo
5026,15946,2012,1,6,9,I,Salvatore Sanfilippo
5026,15946,2012,2,26,32,I,Salvatore Sanfilippo
5026,15946,2012,3,16,14,I,Salvatore Sanfilippo
5026,15946,2012,4,4,15,I,Salvatore Sanfilippo
5026,15946,2012,5,14,17,I,Salvatore Sanfilippo
5026,15946,2012,6,21,1,I,Salvatore Sanfilippo
5032,12747,2012,12,21,1,I,Sascha Montellese
5034,16689,2012,12,19,1,I,Jonathan Marshall
5036,16689,2012,12,18,1,I,Jonathan Marshall
5042,16689,2012,12,18,5,I,Jonathan Marshall
5049,16689,2012,12,15,1,I,Jonathan Marshall
5108,16689,2012,12,3,1,I,Jonathan Marshall
5112,16689,2012,12,3,1,I,Jonathan Marshall
5127,16689,2012,12,1,1,I,Jonathan Marshall
5158,16689,2012,11,28,4,I,Jonathan Marshall
5206,12747,2012,11,22,1,I,Sascha Montellese
5209,12747,2012,11,21,4,I,Sascha Montellese
5242,16689,2012,11,16,2,I,Jonathan Marshall
5258,12747,2012,11,14,1,I,Sascha Montellese
5278,12747,2012,11,14,1,I,Sascha Montellese
5289,12747,2012,11,13,1,I,Sascha Montellese
5290,12747,2012,11,13,2,I,Sascha Montellese
5305,16689,2012,11,10,1,I,Jonathan Marshall
5328,12747,2012,11,7,2,I,Sascha Montellese
5336,15946,2010,12,15,9,I,Salvatore Sanfilippo
5336,15946,2011,1,27,19,I,Salvatore Sanfilippo
5336,15946,2011,2,7,13,I,Salvatore Sanfilippo
5336,15946,2011,3,7,9,I,Salvatore Sanfilippo
5336,15946,2011,4,15,13,I,Salvatore Sanfilippo
5336,15946,2011,5,5,23,I,Salvatore Sanfilippo
5336,15946,2011,6,9,14,I,Salvatore Sanfilippo
5336,15946,2011,7,27,17,I,Salvatore Sanfilippo
5336,15946,2011,9,11,6,I,Salvatore Sanfilippo
5345,12747,2012,11,5,1,I,Sascha Montellese
5362,16689,2012,11,1,1,I,Jonathan Marshall
5365,16689,2012,10,31,3,I,Jonathan Marshall
5367,12747,2012,10,31,3,I,Sascha Montellese
5369,12747,2012,10,31,4,I,Sascha Montellese
5398,15946,2010,12,15,9,I,Salvatore Sanfilippo
5398,15946,2011,1,27,19,I,Salvatore Sanfilippo
5398,15946,2011,2,7,13,I,Salvatore Sanfilippo
5398,15946,2011,3,7,9,I,Salvatore Sanfilippo
5398,15946,2011,4,15,13,I,Salvatore Sanfilippo
5398,15946,2011,5,5,9,I,Salvatore Sanfilippo
5418,15946,2010,12,15,9,I,Salvatore Sanfilippo
5418,15946,2011,1,27,19,I,Salvatore Sanfilippo
5490,16689,2012,10,30,9,I,Jonathan Marshall
5496,12747,2012,10,30,3,I,Sascha Montellese
5506,12747,2012,10,30,2,I,Sascha Montellese
5508,16689,2012,10,29,4,I,Jonathan Marshall
5515,16689,2012,10,28,15,I,Jonathan Marshall
5518,12747,2012,10,28,5,I,Sascha Montellese
5522,16689,2012,10,26,1,I,Jonathan Marshall
5587,12747,2012,10,17,1,I,Sascha Montellese
5593,12747,2012,10,17,1,I,Sascha Montellese
5594,12747,2012,10,16,3,I,Sascha Montellese
5597,12747,2012,10,16,1,I,Sascha Montellese
5604,16689,2012,10,14,1,I,Jonathan Marshall
5606,16689,2012,10,14,2,I,Jonathan Marshall
5614,16689,2012,10,12,1,I,Jonathan Marshall
5619,12747,2012,10,11,1,I,Sascha Montellese
5622,12747,2012,10,11,2,I,Sascha Montellese
5625,12747,2012,10,11,3,I,Sascha Montellese
5627,12747,2012,10,10,1,I,Sascha Montellese
5629,12747,2012,10,8,10,I,Sascha Montellese
5649,28891,2013,8,26,6,I,Russell Belfer
5649,28891,2013,9,13,41,I,Russell Belfer
5684,12747,2012,10,4,1,I,Sascha Montellese
5702,16689,2012,10,2,1,I,Jonathan Marshall
5722,12747,2012,9,30,5,I,Sascha Montellese
5723,12747,2012,9,29,1,I,Sascha Montellese
5762,12747,2012,9,25,1,I,Sascha Montellese
5762,16689,2012,8,18,3,I,Jonathan Marshall
5764,28891,2013,9,5,10,I,Russell Belfer
5767,28891,2013,9,3,1,I,Russell Belfer
5769,12747,2012,9,25,3,I,Sascha Montellese
5789,28891,2013,8,29,1,I,Russell Belfer
5799,28891,2013,8,28,19,I,Russell Belfer
5814,28891,2013,8,19,2,I,Russell Belfer
5817,12747,2012,4,13,1,I,Sascha Montellese
5817,12747,2012,9,21,2,I,Sascha Montellese
5829,12747,2012,9,19,1,I,Sascha Montellese
5831,12747,2012,9,20,6,I,Sascha Montellese
5851,28891,2013,8,9,2,I,Russell Belfer
5865,28891,2013,8,9,2,I,Russell Belfer
5873,28891,2013,8,5,1,I,Russell Belfer
5895,28891,2013,7,31,11,I,Russell Belfer
5895,28891,2013,8,5,3,I,Russell Belfer
5902,28891,2013,7,22,4,I,Russell Belfer
5918,12747,2012,9,9,1,I,Sascha Montellese
5923,12747,2012,9,9,2,I,Sascha Montellese
5936,28891,2013,7,11,2,I,Russell Belfer
5945,28891,2013,6,22,1,I,Russell Belfer
5946,28891,2013,6,24,2,I,Russell Belfer
5948,28891,2013,6,21,3,I,Russell Belfer
5950,28891,2013,6,21,1,I,Russell Belfer
5954,28891,2013,6,19,4,I,Russell Belfer
5958,28891,2013,6,18,1,I,Russell Belfer
5960,28891,2013,6,17,1,I,Russell Belfer
5968,28891,2013,6,17,12,I,Russell Belfer
5969,12747,2012,9,4,1,I,Sascha Montellese
5978,28891,2013,5,29,1,I,Russell Belfer
5978,28891,2013,6,12,11,I,Russell Belfer
5983,28891,2013,6,5,1,I,Russell Belfer
5986,28891,2013,5,31,1,I,Russell Belfer
5989,28891,2013,5,31,1,I,Russell Belfer
5994,12747,2012,9,4,1,I,Sascha Montellese
6005,28891,2013,5,29,1,I,Russell Belfer
6012,28891,2013,5,24,5,I,Russell Belfer
6026,28891,2013,5,23,12,I,Russell Belfer
6030,28891,2013,5,16,1,I,Russell Belfer
6031,28891,2013,5,16,2,I,Russell Belfer
6032,28891,2013,5,15,5,I,Russell Belfer
6042,28891,2013,5,11,1,I,Russell Belfer
6046,28891,2013,5,10,1,I,Russell Belfer
6048,28891,2013,5,10,1,I,Russell Belfer
6061,28891,2013,5,9,1,I,Russell Belfer
6062,28891,2013,5,7,2,I,Russell Belfer
6067,28891,2013,5,7,4,I,Russell Belfer
6094,28891,2013,5,2,4,I,Russell Belfer
6107,28891,2013,4,30,1,I,Russell Belfer
6120,28891,2013,4,30,5,I,Russell Belfer
6129,28891,2013,4,22,6,I,Russell Belfer
6138,16689,2012,8,18,3,I,Jonathan Marshall
6142,28891,2013,4,21,6,I,Russell Belfer
6148,28891,2013,4,18,8,I,Russell Belfer
6160,28891,2013,4,16,5,I,Russell Belfer
6170,28891,2013,4,12,3,I,Russell Belfer
6175,28891,2013,4,16,3,I,Russell Belfer
6180,28891,2013,4,9,2,I,Russell Belfer
6185,28891,2013,4,10,12,I,Russell Belfer
6201,16689,2012,8,25,7,I,Jonathan Marshall
6215,28891,2013,3,18,1,I,Russell Belfer
6222,12747,2012,8,2,12,I,Sascha Montellese
6223,28891,2013,3,18,3,I,Russell Belfer
6225,28891,2013,3,14,3,I,Russell Belfer
6226,28891,2013,3,13,1,I,Russell Belfer
6228,28891,2013,3,11,11,I,Russell Belfer
6245,12747,2012,8,9,4,I,Sascha Montellese
6261,28891,2013,3,1,1,I,Russell Belfer
6262,12747,2012,8,6,2,I,Sascha Montellese
6266,28891,2013,3,1,1,I,Russell Belfer
6271,28891,2013,2,28,4,I,Russell Belfer
6278,28891,2013,2,27,3,I,Russell Belfer
6290,28891,2013,2,22,1,I,Russell Belfer
6295,28891,2013,2,20,1,I,Russell Belfer
6302,28891,2013,2,15,3,I,Russell Belfer
6333,12747,2012,7,26,6,I,Sascha Montellese
6340,28891,2013,1,30,2,I,Russell Belfer
6341,16689,2012,7,7,4,I,Jonathan Marshall
6341,16689,2012,8,3,1,I,Jonathan Marshall
6342,28891,2013,1,29,3,I,Russell Belfer
6345,16689,2012,7,28,2,I,Jonathan Marshall
6356,12747,2012,7,23,1,I,Sascha Montellese
6356,16689,2012,7,21,1,I,Jonathan Marshall
6374,28891,2013,1,22,1,I,Russell Belfer
6377,28891,2013,1,21,1,I,Russell Belfer
6384,28891,2013,1,17,1,I,Russell Belfer
6386,28891,2013,1,17,1,I,Russell Belfer
6397,28891,2013,1,15,1,I,Russell Belfer
6397,28891,2013,2,11,2,I,Russell Belfer
6411,28891,2013,1,11,1,I,Russell Belfer
6412,28891,2013,1,11,3,I,Russell Belfer
6412,28891,2013,2,22,11,I,Russell Belfer
6418,28891,2013,1,11,1,I,Russell Belfer
6425,28891,2013,1,10,1,I,Russell Belfer
6432,28891,2013,1,10,1,I,Russell Belfer
6435,28891,2013,1,8,1,I,Russell Belfer
6437,28891,2013,1,10,10,I,Russell Belfer
6445,28891,2013,1,7,1,I,Russell Belfer
6462,28891,2013,1,4,2,I,Russell Belfer
6488,28891,2012,12,28,1,I,Russell Belfer
6517,28891,2013,1,3,1,I,Russell Belfer
6532,12747,2012,6,27,2,I,Sascha Montellese
6551,28891,2012,12,17,2,I,Russell Belfer
6581,28891,2012,12,10,2,I,Russell Belfer
6605,28891,2012,11,26,1,I,Russell Belfer
6605,28891,2012,12,18,10,I,Russell Belfer
6605,28891,2013,1,3,13,I,Russell Belfer
6610,16689,2012,7,8,2,I,Jonathan Marshall
6637,16689,2012,7,6,2,I,Jonathan Marshall
6662,16689,2012,7,6,2,I,Jonathan Marshall
6664,28891,2012,11,20,2,I,Russell Belfer
6677,28891,2012,11,28,1,I,Russell Belfer
6714,28891,2012,11,14,3,I,Russell Belfer
6716,16689,2012,5,4,14,I,Jonathan Marshall
6716,16689,2012,6,22,24,I,Jonathan Marshall
6716,16689,2012,7,2,8,I,Jonathan Marshall
6725,28891,2012,11,13,1,I,Russell Belfer
6776,28891,2012,11,1,1,I,Russell Belfer
6789,28891,2012,10,31,2,I,Russell Belfer
6813,28891,2012,10,25,3,I,Russell Belfer
6817,28891,2012,10,30,2,I,Russell Belfer
6863,28891,2012,10,15,3,I,Russell Belfer
6875,28891,2012,10,10,1,I,Russell Belfer
6893,28891,2012,10,8,3,I,Russell Belfer
6895,12747,2012,6,17,6,I,Sascha Montellese
6895,12747,2012,7,6,1,I,Sascha Montellese
6910,12747,2012,2,26,1,I,Sascha Montellese
6910,12747,2012,6,8,4,I,Sascha Montellese
6911,28891,2012,9,26,1,I,Russell Belfer
6914,12747,2012,6,16,5,I,Sascha Montellese
6920,12747,2012,5,19,1,I,Sascha Montellese
6927,28891,2012,9,21,1,I,Russell Belfer
6940,12747,2012,6,12,1,I,Sascha Montellese
6942,28891,2012,9,25,4,I,Russell Belfer
6964,28891,2012,9,13,2,I,Russell Belfer
6967,28891,2012,9,11,2,I,Russell Belfer
6979,12747,2012,5,23,3,I,Sascha Montellese
6979,12747,2012,7,10,4,I,Sascha Montellese
6987,28891,2012,9,5,1,I,Russell Belfer
7000,28891,2012,8,30,2,I,Russell Belfer
7006,28891,2012,8,27,1,I,Russell Belfer
7011,12747,2012,5,24,13,I,Sascha Montellese
7011,12747,2012,6,8,2,I,Sascha Montellese
7026,28891,2012,8,22,2,I,Russell Belfer
7054,28891,2012,8,14,2,I,Russell Belfer
7058,28891,2012,8,12,2,I,Russell Belfer
7075,28891,2012,8,9,1,I,Russell Belfer
7075,30535,2012,8,9,5,I,Joshua Peek
7086,28891,2012,7,18,1,I,Russell Belfer
7086,28891,2012,8,24,4,I,Russell Belfer
7091,12747,2012,5,15,1,I,Sascha Montellese
7111,28891,2012,7,26,1,I,Russell Belfer
7111,28891,2012,8,3,2,I,Russell Belfer
7158,28891,2012,7,12,1,I,Russell Belfer
7181,16689,2012,5,24,3,I,Jonathan Marshall
7194,16689,2012,5,23,3,I,Jonathan Marshall
7194,16689,2012,8,9,3,I,Jonathan Marshall
7240,12747,2012,5,22,1,I,Sascha Montellese
7240,16689,2012,5,22,2,I,Jonathan Marshall
7268,31607,2012,6,18,2,I,Aaron Patterson
7292,28891,2012,6,11,1,I,Russell Belfer
7327,16689,2012,5,14,3,I,Jonathan Marshall
7349,12747,2012,5,12,3,I,Sascha Montellese
7349,16689,2012,5,11,11,I,Jonathan Marshall
7352,28891,2012,5,24,2,I,Russell Belfer
7371,16689,2012,4,24,4,I,Jonathan Marshall
7371,16689,2012,5,9,1,I,Jonathan Marshall
7376,28891,2012,5,16,1,I,Russell Belfer
7395,16689,2012,5,8,2,I,Jonathan Marshall
7414,16689,2012,5,8,1,I,Jonathan Marshall
7429,16689,2012,4,25,3,I,Jonathan Marshall
7429,16689,2012,5,8,1,I,Jonathan Marshall
7436,28891,2012,5,11,2,I,Russell Belfer
7438,28891,2012,5,10,2,I,Russell Belfer
7446,28891,2012,5,8,1,I,Russell Belfer
7454,12747,2012,5,5,1,I,Sascha Montellese
7468,30535,2011,4,27,2,I,Joshua Peek
7495,16689,2012,4,5,13,I,Jonathan Marshall
7495,16689,2012,5,1,9,I,Jonathan Marshall
7506,28891,2012,3,4,5,I,Russell Belfer
7506,28891,2012,5,2,1,I,Russell Belfer
7509,16689,2012,4,30,1,I,Jonathan Marshall
7515,16689,2011,8,5,6,I,Jonathan Marshall
7515,16689,2012,4,28,4,I,Jonathan Marshall
7522,16689,2012,4,25,18,I,Jonathan Marshall
7522,16689,2012,5,5,7,I,Jonathan Marshall
7525,28891,2012,4,17,8,I,Russell Belfer
7535,28891,2012,4,13,5,I,Russell Belfer
7537,32347,2013,8,19,1,I,N. Taylor Mullen
7544,28891,2012,4,13,1,I,Russell Belfer
7545,32350,2013,9,5,1,I,David Fowler
7546,28891,2012,4,13,6,I,Russell Belfer
7548,32347,2013,9,5,4,I,N. Taylor Mullen
7561,32347,2013,7,18,48,I,N. Taylor Mullen
7561,32347,2013,8,17,8,I,N. Taylor Mullen
7561,32350,2013,7,13,58,I,David Fowler
7561,32350,2013,8,18,36,I,David Fowler
7563,28891,2012,3,23,2,I,Russell Belfer
7564,28891,2012,3,21,13,I,Russell Belfer
7571,28891,2012,3,19,4,I,Russell Belfer
7572,12747,2012,4,23,1,I,Sascha Montellese
7579,12747,2012,4,21,1,I,Sascha Montellese
7585,28891,2012,3,6,2,I,Russell Belfer
7586,30285,2013,9,11,1,I,lukasz karluk
7594,12747,2012,4,20,1,I,Sascha Montellese
7613,28891,2012,1,23,5,I,Russell Belfer
7613,28891,2012,2,29,11,I,Russell Belfer
7613,28891,2012,3,1,1,I,Russell Belfer
7622,12747,2011,12,14,2,I,Sascha Montellese
7623,28891,2012,3,2,1,I,Russell Belfer
7634,28891,2012,2,22,3,I,Russell Belfer
7643,30282,2013,7,23,4,I,arturo
7650,12747,2012,4,12,2,I,Sascha Montellese
7656,30281,2013,3,9,2,I,Theodore Watson
7656,30288,2013,6,15,1,I,Kyle McDonald
7662,28891,2012,1,23,5,I,Russell Belfer
7662,28891,2012,2,7,5,I,Russell Belfer
7664,32350,2013,8,22,2,I,David Fowler
7668,32350,2013,8,15,3,I,David Fowler
7672,32347,2013,8,17,1,I,N. Taylor Mullen
7675,28891,2012,1,31,3,I,Russell Belfer
7686,32347,2013,8,13,2,I,N. Taylor Mullen
7692,28891,2012,1,16,2,I,Russell Belfer
7694,32350,2013,8,6,1,I,David Fowler
7695,28891,2012,1,16,7,I,Russell Belfer
7697,28891,2012,1,5,3,I,Russell Belfer
7722,28891,2011,12,30,4,I,Russell Belfer
7727,32347,2013,7,29,3,I,N. Taylor Mullen
7734,32350,2013,7,29,1,I,David Fowler
7740,28891,2011,11,29,3,I,Russell Belfer
7741,32350,2013,7,24,1,I,David Fowler
7742,32347,2013,7,24,1,I,N. Taylor Mullen
7745,28891,2011,11,28,3,I,Russell Belfer
7748,32350,2013,7,23,2,I,David Fowler
7758,28891,2011,11,21,4,I,Russell Belfer
7763,32350,2013,7,22,1,I,David Fowler
7769,32347,2013,7,16,4,I,N. Taylor Mullen
7781,32350,2013,7,18,1,I,David Fowler
7784,32350,2013,7,18,1,I,David Fowler
7785,32347,2013,7,18,3,I,N. Taylor Mullen
7792,32347,2013,7,17,2,I,N. Taylor Mullen
7801,32347,2013,7,16,2,I,N. Taylor Mullen
7803,30282,2012,7,30,1,I,arturo
7803,30282,2012,8,2,16,I,arturo
7803,30282,2012,9,8,10,I,arturo
7806,32350,2013,7,15,2,I,David Fowler
7816,16689,2012,2,22,20,I,Jonathan Marshall
7816,16689,2012,3,24,17,I,Jonathan Marshall
7816,16689,2012,4,3,1,I,Jonathan Marshall
7822,32350,2013,7,6,1,I,David Fowler
7835,30282,2012,9,17,1,I,arturo
7835,30282,2012,10,2,1,I,arturo
7838,30282,2012,7,18,3,I,arturo
7840,32347,2013,6,28,2,I,N. Taylor Mullen
7840,32347,2013,7,2,1,I,N. Taylor Mullen
7849,30285,2013,8,28,1,I,lukasz karluk
7854,32350,2013,6,27,1,I,David Fowler
7865,32350,2013,6,26,1,I,David Fowler
7867,30282,2013,8,11,4,I,arturo
7867,30285,2013,8,13,31,I,lukasz karluk
7874,32350,2013,6,26,1,I,David Fowler
7886,32350,2013,6,25,2,I,David Fowler
7888,32347,2013,6,25,1,I,N. Taylor Mullen
7923,32347,2013,6,20,2,I,N. Taylor Mullen
7927,32347,2013,6,18,1,I,N. Taylor Mullen
7932,30288,2013,8,11,1,I,Kyle McDonald
7940,30281,2013,8,8,3,I,Theodore Watson
7941,12747,2012,2,3,3,I,Sascha Montellese
7942,32350,2013,6,18,2,I,David Fowler
7943,30285,2013,8,2,1,I,lukasz karluk
7952,12747,2012,2,19,1,I,Sascha Montellese
7954,12747,2011,12,9,2,I,Sascha Montellese
7954,12747,2012,3,29,1,I,Sascha Montellese
7956,30281,2013,8,1,1,I,Theodore Watson
7971,32347,2013,6,13,3,I,N. Taylor Mullen
7972,16689,2012,3,26,1,I,Jonathan Marshall
7980,32347,2013,6,11,1,I,N. Taylor Mullen
7982,16689,2012,3,25,3,I,Jonathan Marshall
7994,32347,2013,6,7,4,I,N. Taylor Mullen
8006,30281,2013,7,31,1,I,Theodore Watson
8009,30282,2013,7,31,2,I,arturo
8050,16689,2012,2,22,20,I,Jonathan Marshall
8050,16689,2012,3,30,17,I,Jonathan Marshall
8050,16689,2012,4,3,1,I,Jonathan Marshall
8052,32347,2013,5,17,10,I,N. Taylor Mullen
8052,32347,2013,6,3,1,I,N. Taylor Mullen
8059,32347,2013,5,22,5,I,N. Taylor Mullen
8066,16689,2012,3,25,2,I,Jonathan Marshall
8078,32350,2013,5,16,3,I,David Fowler
8084,32347,2013,5,20,6,I,N. Taylor Mullen
8116,16689,2012,3,30,1,I,Jonathan Marshall
8117,16689,2012,3,18,1,I,Jonathan Marshall
8122,16689,2012,3,16,1,I,Jonathan Marshall
8134,30282,2013,7,27,1,I,arturo
8154,30282,2013,7,22,2,I,arturo
8165,30281,2013,7,22,1,I,Theodore Watson
8168,30288,2013,7,21,1,I,Kyle McDonald
8169,30282,2013,7,21,3,I,arturo
8180,30281,2013,7,19,1,I,Theodore Watson
8185,30281,2013,7,19,3,I,Theodore Watson
8189,30282,2013,7,18,1,I,arturo
8190,30285,2013,7,19,10,I,lukasz karluk
8204,30282,2013,7,17,1,I,arturo
8209,30285,2013,7,16,2,I,lukasz karluk
8212,30288,2013,7,16,1,I,Kyle McDonald
8219,30282,2013,7,16,2,I,arturo
8228,30281,2013,7,15,1,I,Theodore Watson
8230,32350,2013,5,8,1,I,David Fowler
8233,32347,2013,5,8,2,I,N. Taylor Mullen
8236,32350,2013,5,6,1,I,David Fowler
8246,30282,2013,7,15,1,I,arturo
8254,32350,2013,4,27,1,I,David Fowler
8254,32350,2013,5,4,3,I,David Fowler
8255,30281,2013,7,15,4,I,Theodore Watson
8257,30285,2013,7,15,4,I,lukasz karluk
8260,32350,2013,4,27,1,I,David Fowler
8261,30281,2013,7,14,2,I,Theodore Watson
8261,30282,2013,7,15,2,I,arturo
8266,30281,2013,7,14,3,I,Theodore Watson
8291,32350,2013,4,29,2,I,David Fowler
8295,30281,2013,7,13,1,I,Theodore Watson
8298,30288,2013,7,13,5,I,Kyle McDonald
8300,32347,2013,4,1,25,I,N. Taylor Mullen
8300,32350,2013,4,1,53,I,David Fowler
8301,30282,2013,7,13,1,I,arturo
8305,30285,2013,7,13,1,I,lukasz karluk
8306,16689,2012,2,25,1,I,Jonathan Marshall
8311,12747,2012,4,16,1,I,Sascha Montellese
8313,32350,2013,4,28,1,I,David Fowler
8317,30282,2013,7,13,16,I,arturo
8319,32347,2013,4,30,21,I,N. Taylor Mullen
8325,30285,2013,7,11,1,I,lukasz karluk
8329,32350,2013,4,25,3,I,David Fowler
8330,30285,2013,7,11,1,I,lukasz karluk
8336,30281,2013,7,10,3,I,Theodore Watson
8343,32350,2013,4,29,1,I,David Fowler
8346,30281,2013,7,9,32,I,Theodore Watson
8346,30282,2013,7,9,11,I,arturo
8346,30285,2013,7,8,2,I,lukasz karluk
8361,30281,2013,7,9,5,I,Theodore Watson
8368,30281,2013,7,8,5,I,Theodore Watson
8371,30281,2013,6,27,7,I,Theodore Watson
8371,30281,2013,7,7,20,I,Theodore Watson
8371,30282,2013,6,20,56,I,arturo
8371,30282,2013,7,7,11,I,arturo
8371,30285,2013,6,20,22,I,lukasz karluk
8371,30285,2013,7,1,7,I,lukasz karluk
8371,30288,2013,6,20,32,I,Kyle McDonald
8375,32350,2013,4,21,3,I,David Fowler
8383,32350,2013,4,20,2,I,David Fowler
8385,32347,2013,4,19,3,I,N. Taylor Mullen
8397,32350,2013,4,17,5,I,David Fowler
8398,12747,2011,10,10,8,I,Sascha Montellese
8398,12747,2011,11,8,4,I,Sascha Montellese
8398,12747,2012,3,25,1,I,Sascha Montellese
8427,30281,2013,7,7,2,I,Theodore Watson
8429,32350,2013,4,14,1,I,David Fowler
8431,30281,2013,7,7,2,I,Theodore Watson
8434,30285,2013,7,4,1,I,lukasz karluk
8438,16689,2012,2,15,2,I,Jonathan Marshall
8440,32347,2013,4,1,12,I,N. Taylor Mullen
8440,32350,2013,4,1,20,I,David Fowler
8447,16689,2012,2,13,2,I,Jonathan Marshall
8456,32347,2013,4,10,3,I,N. Taylor Mullen
8458,30285,2013,6,20,2,I,lukasz karluk
8459,30285,2013,6,20,1,I,lukasz karluk
8464,30288,2013,6,20,3,I,Kyle McDonald
8467,30285,2013,6,18,1,I,lukasz karluk
8468,30285,2013,6,18,1,I,lukasz karluk
8470,16689,2012,2,19,3,I,Jonathan Marshall
8476,30285,2013,6,20,5,I,lukasz karluk
8482,32350,2013,4,4,1,I,David Fowler
8486,30288,2013,6,17,1,I,Kyle McDonald
8489,32347,2013,4,3,3,I,N. Taylor Mullen
8499,30285,2013,6,17,1,I,lukasz karluk
8500,32347,2013,4,1,1,I,N. Taylor Mullen
8503,32347,2013,4,1,1,I,N. Taylor Mullen
8543,16689,2012,1,31,2,I,Jonathan Marshall
8543,16689,2012,2,1,1,I,Jonathan Marshall
8556,32347,2013,3,23,1,I,N. Taylor Mullen
8557,12747,2012,1,27,3,I,Sascha Montellese
8563,12747,2012,1,25,2,I,Sascha Montellese
8564,32347,2013,3,22,2,I,N. Taylor Mullen
8568,32347,2013,3,23,6,I,N. Taylor Mullen
8580,16689,2012,1,26,2,I,Jonathan Marshall
8588,32350,2013,3,17,1,I,David Fowler
8589,16689,2012,1,25,1,I,Jonathan Marshall
8593,16689,2012,1,25,3,I,Jonathan Marshall
8599,12747,2012,1,25,1,I,Sascha Montellese
8604,16689,2012,1,23,5,I,Jonathan Marshall
8609,12747,2012,1,23,1,I,Sascha Montellese
8627,12747,2012,1,20,5,I,Sascha Montellese
8630,32347,2013,3,6,7,I,N. Taylor Mullen
8634,32347,2013,3,6,5,I,N. Taylor Mullen
8636,16689,2012,1,19,1,I,Jonathan Marshall
8641,32347,2013,3,4,1,I,N. Taylor Mullen
8643,32350,2013,2,27,1,I,David Fowler
8651,32350,2013,2,24,7,I,David Fowler
8653,16689,2012,1,18,3,I,Jonathan Marshall
8658,30281,2013,6,15,4,I,Theodore Watson
8658,30282,2013,3,6,43,I,arturo
8658,30282,2013,4,5,59,I,arturo
8658,30282,2013,5,3,28,I,arturo
8658,30282,2013,6,15,42,I,arturo
8660,16689,2012,1,17,1,I,Jonathan Marshall
8664,32350,2013,2,22,1,I,David Fowler
8670,32350,2013,2,21,2,I,David Fowler
8675,32347,2013,2,22,10,I,N. Taylor Mullen
8681,32350,2013,2,22,10,I,David Fowler
8693,32347,2013,2,20,26,I,N. Taylor Mullen
8695,16689,2012,5,3,1,I,Jonathan Marshall
8696,32350,2013,2,17,10,I,David Fowler
8705,32350,2013,2,12,1,I,David Fowler
8715,32347,2013,2,14,5,I,N. Taylor Mullen
8723,32347,2013,2,11,1,I,N. Taylor Mullen
8730,16689,2011,8,3,5,I,Jonathan Marshall
8732,32347,2013,1,3,57,I,N. Taylor Mullen
8732,32347,2013,2,7,11,I,N. Taylor Mullen
8732,32350,2013,1,31,100,I,David Fowler
8732,32350,2013,2,1,11,I,David Fowler
8736,30288,2013,6,14,1,I,Kyle McDonald
8738,30281,2013,3,9,2,I,Theodore Watson
8739,30288,2013,6,14,1,I,Kyle McDonald
8752,12747,2011,12,30,1,I,Sascha Montellese
8752,12747,2012,1,2,1,I,Sascha Montellese
8753,32350,2013,2,5,1,I,David Fowler
8755,32350,2013,2,4,2,I,David Fowler
8758,32350,2013,1,30,6,I,David Fowler
8760,32350,2013,1,30,4,I,David Fowler
8765,32347,2013,1,31,5,I,N. Taylor Mullen
8769,32347,2013,1,31,6,I,N. Taylor Mullen
8779,32350,2013,1,29,1,I,David Fowler
8788,32350,2013,1,29,2,I,David Fowler
8791,32347,2013,1,29,1,I,N. Taylor Mullen
8791,32347,2013,2,1,2,I,N. Taylor Mullen
8800,32347,2012,11,6,2,I,N. Taylor Mullen
8800,32350,2012,12,13,3,I,David Fowler
8800,32350,2013,1,15,17,I,David Fowler
8810,32350,2013,1,23,1,I,David Fowler
8812,32350,2013,1,23,1,I,David Fowler
8813,32350,2013,1,23,2,I,David Fowler
8816,32347,2013,1,23,24,I,N. Taylor Mullen
8824,30282,2013,4,15,3,I,arturo
8824,30282,2013,5,7,4,I,arturo
8825,32350,2013,1,23,4,I,David Fowler
8826,32350,2013,1,22,5,I,David Fowler
8842,32347,2013,1,16,9,I,N. Taylor Mullen
8860,32350,2013,1,14,6,I,David Fowler
8866,32350,2013,1,12,1,I,David Fowler
8883,32350,2013,1,6,1,I,David Fowler
8887,32347,2012,12,21,8,I,N. Taylor Mullen
8888,32347,2012,12,21,5,I,N. Taylor Mullen
8891,32350,2012,12,20,4,I,David Fowler
8900,32350,2012,12,20,3,I,David Fowler
8904,32347,2012,12,19,11,I,N. Taylor Mullen
8933,32347,2012,12,5,3,I,N. Taylor Mullen
8940,32347,2012,11,29,2,I,N. Taylor Mullen
8949,32347,2012,10,30,1,I,N. Taylor Mullen
8949,32347,2012,11,1,48,I,N. Taylor Mullen
8949,32350,2012,10,30,8,I,David Fowler
8949,32350,2012,11,4,149,I,David Fowler
8954,30285,2013,4,24,1,I,lukasz karluk
8955,32350,2012,11,24,2,I,David Fowler
8969,32347,2012,11,14,7,I,N. Taylor Mullen
8979,32347,2012,11,11,1,I,N. Taylor Mullen
8989,30281,2013,3,12,11,I,Theodore Watson
8989,30282,2013,2,28,47,I,arturo
8989,30282,2013,3,31,67,I,arturo
8989,30282,2013,4,1,1,I,arturo
8989,30288,2013,2,27,2,I,Kyle McDonald
8989,30288,2013,3,25,5,I,Kyle McDonald
8994,32347,2012,11,6,2,I,N. Taylor Mullen
8996,32350,2012,11,6,1,I,David Fowler
8999,32347,2012,11,2,5,I,N. Taylor Mullen
9011,32347,2012,10,30,1,I,N. Taylor Mullen
9017,32350,2012,10,28,1,I,David Fowler
9019,32350,2012,10,28,2,I,David Fowler
9021,32350,2012,10,28,1,I,David Fowler
9027,30285,2013,3,27,2,I,lukasz karluk
9031,30282,2013,3,20,5,I,arturo
9032,32350,2012,10,23,2,I,David Fowler
9038,32347,2012,10,18,6,I,N. Taylor Mullen
9039,30282,2013,3,20,1,I,arturo
9041,30282,2013,3,18,1,I,arturo
9052,30282,2013,3,13,3,I,arturo
9057,32347,2012,10,12,9,I,N. Taylor Mullen
9065,32347,2012,10,11,6,I,N. Taylor Mullen
9072,30282,2013,3,7,2,I,arturo
9075,30288,2013,3,4,1,I,Kyle McDonald
9075,30288,2013,6,14,2,I,Kyle McDonald
9077,30282,2012,9,8,1,I,arturo
9077,30282,2013,1,30,1,I,arturo
9077,30282,2013,2,28,12,I,arturo
9077,30288,2013,2,27,2,I,Kyle McDonald
9079,32350,2012,10,9,1,I,David Fowler
9080,30288,2013,3,3,1,I,Kyle McDonald
9084,30282,2013,3,3,4,I,arturo
9087,30282,2013,2,27,1,I,arturo
9088,30282,2013,2,28,2,I,arturo
9090,30282,2013,2,27,1,I,arturo
9099,30282,2013,2,25,1,I,arturo
9118,30282,2013,2,11,1,I,arturo
9124,30282,2013,1,30,1,I,arturo
9124,30282,2013,2,6,1,I,arturo
9126,30281,2012,11,15,2,I,Theodore Watson
9126,30281,2012,12,14,4,I,Theodore Watson
9126,30281,2013,2,4,1,I,Theodore Watson
9126,30282,2012,7,13,1,I,arturo
9126,30282,2012,10,25,10,I,arturo
9126,30282,2012,11,16,12,I,arturo
9126,30282,2012,12,9,18,I,arturo
9126,30282,2013,1,31,47,I,arturo
9126,30282,2013,2,5,5,I,arturo
9126,30285,2012,12,2,22,I,lukasz karluk
9126,30288,2012,12,3,6,I,Kyle McDonald
9126,30288,2013,1,31,1,I,Kyle McDonald
9140,32347,2012,8,1,4,I,N. Taylor Mullen
9147,32347,2012,7,25,1,I,N. Taylor Mullen
9147,32347,2012,8,2,1,I,N. Taylor Mullen
9149,32347,2012,7,25,1,I,N. Taylor Mullen
9196,30282,2012,10,25,3,I,arturo
9196,30282,2013,1,31,3,I,arturo
9209,30282,2013,1,31,2,I,arturo
9209,30282,2013,2,4,3,I,arturo
9209,30282,2013,3,7,3,I,arturo
9250,30282,2013,1,11,3,I,arturo
9252,30282,2013,1,11,1,I,arturo
9264,30282,2013,1,5,3,I,arturo
9278,30282,2013,1,3,1,I,arturo
9283,30282,2013,1,2,1,I,arturo
9307,30282,2012,12,11,1,I,arturo
9309,30288,2012,12,4,1,I,Kyle McDonald
9313,30282,2012,12,6,3,I,arturo
9317,30285,2012,12,3,19,I,lukasz karluk
9318,30285,2012,12,2,3,I,lukasz karluk
9320,30282,2012,11,29,6,I,arturo
9320,30282,2012,12,11,1,I,arturo
9327,30282,2012,11,16,1,I,arturo
9341,30282,2012,11,4,2,I,arturo
9347,30282,2012,11,7,26,I,arturo
9347,30285,2012,10,24,7,I,lukasz karluk
9347,30285,2012,11,9,17,I,lukasz karluk
9347,30285,2013,1,7,1,I,lukasz karluk
9347,30285,2013,4,28,1,I,lukasz karluk
9347,30285,2013,5,5,1,I,lukasz karluk
9365,30282,2012,10,25,7,I,arturo
9366,30282,2012,10,25,3,I,arturo
9382,30285,2012,10,6,3,I,lukasz karluk
9391,30281,2012,10,5,1,I,Theodore Watson
9393,30281,2012,10,5,3,I,Theodore Watson
9393,30282,2012,10,5,4,I,arturo
9394,30282,2012,10,5,3,I,arturo
9396,30285,2012,10,2,1,I,lukasz karluk
9398,30281,2012,10,2,1,I,Theodore Watson
9401,12747,2011,6,16,2,I,Sascha Montellese
9401,12747,2011,9,1,12,I,Sascha Montellese
9401,12747,2011,10,2,7,I,Sascha Montellese
9401,12747,2012,3,29,2,I,Sascha Montellese
9402,30282,2012,7,30,1,I,arturo
9402,30282,2012,8,2,16,I,arturo
9402,30282,2012,9,8,12,I,arturo
9412,30281,2012,8,31,8,I,Theodore Watson
9412,30281,2012,9,19,6,I,Theodore Watson
9412,30282,2012,9,17,16,I,arturo
9412,30288,2012,9,13,2,I,Kyle McDonald
9426,30281,2012,8,31,8,I,Theodore Watson
9426,30281,2012,9,13,5,I,Theodore Watson
9426,30282,2012,9,17,12,I,arturo
9426,30288,2012,9,13,2,I,Kyle McDonald
9428,30282,2012,9,17,1,I,arturo
9439,30282,2012,9,8,1,I,arturo
9440,30282,2012,9,8,1,I,arturo
9443,30282,2012,9,4,2,I,arturo
9444,30285,2012,9,10,13,I,lukasz karluk
9445,30282,2012,9,4,8,I,arturo
9451,30281,2012,8,31,2,I,Theodore Watson
9452,30281,2012,8,31,3,I,Theodore Watson
9474,30285,2012,8,12,1,I,lukasz karluk
9476,30285,2012,8,12,2,I,lukasz karluk
9485,27536,2012,6,22,14,I,Alexey
9485,27536,2012,7,1,44,I,Alexey
9485,27536,2012,8,1,81,I,Alexey
9485,27536,2012,9,4,46,I,Alexey
9485,27536,2012,10,1,28,I,Alexey
9485,27536,2012,11,6,14,I,Alexey
9485,27536,2012,12,13,4,I,Alexey
9485,27536,2013,1,14,11,I,Alexey
9485,27536,2013,2,10,8,I,Alexey
9488,30282,2012,8,8,2,I,arturo
9521,16689,2011,8,15,2,I,Jonathan Marshall
9538,16689,2011,8,7,1,I,Jonathan Marshall
9540,16689,2011,8,6,5,I,Jonathan Marshall
9541,30281,2012,5,31,7,I,Theodore Watson
9541,30281,2012,6,4,8,I,Theodore Watson
9541,30281,2012,7,21,4,I,Theodore Watson
9541,30281,2012,8,5,13,I,Theodore Watson
9541,30282,2012,5,29,4,I,arturo
9541,30282,2012,6,11,15,I,arturo
9541,30282,2012,7,29,22,I,arturo
9541,30282,2012,8,5,12,I,arturo
9541,30285,2012,6,25,7,I,lukasz karluk
9541,30285,2012,7,28,36,I,lukasz karluk
9541,30288,2012,5,30,2,I,Kyle McDonald
9541,30288,2012,6,19,5,I,Kyle McDonald
9541,30288,2012,7,18,3,I,Kyle McDonald
9541,30288,2012,8,5,23,I,Kyle McDonald
9552,30288,2012,8,5,1,I,Kyle McDonald
9574,30282,2012,8,3,1,I,arturo
9583,30285,2012,7,28,1,I,lukasz karluk
9592,30285,2012,7,19,5,I,lukasz karluk
9594,30285,2012,7,18,6,I,lukasz karluk
9596,30282,2012,7,13,1,I,arturo
9596,30282,2013,1,24,1,I,arturo
9597,30282,2012,7,11,18,I,arturo
9597,30282,2012,8,1,14,I,arturo
9597,30282,2012,9,3,13,I,arturo
9597,30282,2012,10,15,1,I,arturo
9597,30282,2013,1,31,3,I,arturo
9597,30282,2013,2,12,35,I,arturo
9597,30282,2013,3,3,2,I,arturo
9602,30288,2012,7,6,1,I,Kyle McDonald
9611,30285,2012,7,3,1,I,lukasz karluk
9613,30285,2012,7,3,1,I,lukasz karluk
9621,30285,2012,7,1,1,I,lukasz karluk
9635,30285,2012,6,25,1,I,lukasz karluk
9639,30285,2012,6,20,1,I,lukasz karluk
9641,30281,2012,5,31,7,I,Theodore Watson
9641,30281,2012,6,4,5,I,Theodore Watson
9641,30282,2012,5,29,4,I,arturo
9641,30282,2012,6,11,15,I,arturo
9641,30285,2012,6,7,3,I,lukasz karluk
9641,30288,2012,5,30,2,I,Kyle McDonald
9646,16689,2011,7,25,5,I,Jonathan Marshall
9651,30282,2012,4,23,5,I,arturo
9651,30282,2012,5,3,2,I,arturo
9651,30282,2012,6,9,3,I,arturo
9668,30285,2012,6,7,3,I,lukasz karluk
9685,30281,2012,2,25,2,I,Theodore Watson
9685,30281,2012,5,28,3,I,Theodore Watson
9688,16689,2011,7,19,5,I,Jonathan Marshall
9690,30281,2012,5,25,1,I,Theodore Watson
9693,30282,2012,5,25,5,I,arturo
9695,30282,2012,5,24,1,I,arturo
9704,30281,2012,5,20,2,I,Theodore Watson
9731,30285,2012,5,20,3,I,lukasz karluk
9733,30285,2012,5,6,1,I,lukasz karluk
9741,30285,2012,5,2,1,I,lukasz karluk
9750,30285,2012,4,29,3,I,lukasz karluk
9751,30285,2012,4,29,1,I,lukasz karluk
9756,30281,2012,4,30,12,I,Theodore Watson
9756,30281,2012,5,1,8,I,Theodore Watson
9756,30282,2012,5,3,26,I,arturo
9756,30285,2012,4,29,4,I,lukasz karluk
9756,30285,2012,5,6,1,I,lukasz karluk
9756,30288,2012,4,9,2,I,Kyle McDonald
9775,16689,2011,7,6,9,I,Jonathan Marshall
9786,30281,2012,3,19,11,I,Theodore Watson
9786,30281,2012,4,22,45,I,Theodore Watson
9786,30282,2012,3,30,13,I,arturo
9786,30282,2012,4,22,40,I,arturo
9786,30285,2012,3,28,29,I,lukasz karluk
9786,30285,2012,4,19,4,I,lukasz karluk
9786,30288,2012,3,18,1,I,Kyle McDonald
9786,30288,2012,4,10,20,I,Kyle McDonald
9797,30285,2012,4,23,29,I,lukasz karluk
9807,30282,2012,4,17,7,I,arturo
9809,30285,2012,4,19,1,I,lukasz karluk
9814,30282,2012,4,14,1,I,arturo
9817,30285,2012,4,11,1,I,lukasz karluk
9820,30288,2012,4,10,3,I,Kyle McDonald
9823,30288,2012,4,9,3,I,Kyle McDonald
9827,12747,2011,6,29,1,I,Sascha Montellese
9833,30288,2012,4,9,3,I,Kyle McDonald
9836,12747,2011,6,28,1,I,Sascha Montellese
9839,16689,2011,6,26,8,I,Jonathan Marshall
9844,30288,2012,4,17,4,I,Kyle McDonald
9847,12747,2011,6,26,2,I,Sascha Montellese
9861,30285,2012,3,28,7,I,lukasz karluk
9876,30281,2012,2,29,4,I,Theodore Watson
9876,30281,2012,3,19,50,I,Theodore Watson
9876,30282,2012,2,29,9,I,arturo
9876,30282,2012,3,18,16,I,arturo
9876,30285,2012,3,19,43,I,lukasz karluk
9876,30288,2012,2,28,5,I,Kyle McDonald
9876,30288,2012,3,16,35,I,Kyle McDonald
9878,12747,2011,6,26,2,I,Sascha Montellese
9883,30285,2012,3,19,1,I,lukasz karluk
9889,30285,2012,3,18,1,I,lukasz karluk
9891,30288,2012,3,17,7,I,Kyle McDonald
9893,30285,2012,3,18,31,I,lukasz karluk
9897,30288,2012,3,16,15,I,Kyle McDonald
9909,16689,2011,6,20,3,I,Jonathan Marshall
9912,30285,2012,3,13,1,I,lukasz karluk
9916,30285,2012,3,12,1,I,lukasz karluk
9917,30285,2012,3,12,1,I,lukasz karluk
9919,30285,2012,3,11,4,I,lukasz karluk
9923,30285,2012,3,8,1,I,lukasz karluk
9924,30288,2012,3,7,2,I,Kyle McDonald
9924,30288,2012,4,8,7,I,Kyle McDonald
9977,16689,2011,6,5,3,I,Jonathan Marshall
9980,30281,2012,2,26,31,I,Theodore Watson
9980,30282,2012,2,26,49,I,arturo
9980,30285,2012,2,25,1,I,lukasz karluk
9980,30288,2012,2,26,58,I,Kyle McDonald
10002,30288,2012,2,26,15,I,Kyle McDonald
10009,30288,2012,2,25,14,I,Kyle McDonald
10017,30288,2012,2,24,14,I,Kyle McDonald
10031,30281,2011,12,31,1,I,Theodore Watson
10031,30281,2012,2,24,17,I,Theodore Watson
10031,30282,2011,11,28,1,I,arturo
10031,30282,2011,12,20,11,I,arturo
10031,30282,2012,1,24,9,I,arturo
10031,30282,2012,2,17,62,I,arturo
10031,30288,2011,12,21,5,I,Kyle McDonald
10031,30288,2012,2,24,22,I,Kyle McDonald
10063,30281,2011,10,31,5,I,Theodore Watson
10063,30281,2011,11,9,1,I,Theodore Watson
10063,30281,2011,12,31,1,I,Theodore Watson
10063,30281,2012,2,24,11,I,Theodore Watson
10063,30282,2011,10,28,4,I,arturo
10063,30282,2011,11,28,17,I,arturo
10063,30282,2011,12,20,11,I,arturo
10063,30282,2012,1,24,9,I,arturo
10063,30282,2012,2,17,60,I,arturo
10063,30288,2011,11,9,2,I,Kyle McDonald
10063,30288,2011,12,21,5,I,Kyle McDonald
10063,30288,2012,2,24,22,I,Kyle McDonald
10073,30288,2012,2,24,1,I,Kyle McDonald
10077,30281,2012,2,9,1,I,Theodore Watson
10090,30288,2012,2,23,5,I,Kyle McDonald
10092,12747,2011,6,10,1,I,Sascha Montellese
10106,30288,2012,2,23,5,I,Kyle McDonald
10121,30281,2011,10,31,10,I,Theodore Watson
10121,30281,2011,11,9,1,I,Theodore Watson
10121,30281,2011,12,31,1,I,Theodore Watson
10121,30281,2012,2,9,10,I,Theodore Watson
10121,30282,2011,7,30,2,I,arturo
10121,30282,2011,8,28,27,I,arturo
10121,30282,2011,9,15,6,I,arturo
10121,30282,2011,10,28,9,I,arturo
10121,30282,2011,11,28,17,I,arturo
10121,30282,2011,12,20,11,I,arturo
10121,30282,2012,1,24,9,I,arturo
10121,30282,2012,2,17,28,I,arturo
10121,30288,2011,8,17,2,I,Kyle McDonald
10121,30288,2011,9,19,10,I,Kyle McDonald
10121,30288,2011,11,9,2,I,Kyle McDonald
10121,30288,2011,12,21,5,I,Kyle McDonald
10121,30288,2012,2,22,6,I,Kyle McDonald
10127,30281,2011,10,31,10,I,Theodore Watson
10127,30281,2011,11,9,1,I,Theodore Watson
10127,30281,2011,12,31,1,I,Theodore Watson
10127,30281,2012,2,9,10,I,Theodore Watson
10127,30282,2011,7,30,2,I,arturo
10127,30282,2011,8,28,27,I,arturo
10127,30282,2011,9,15,6,I,arturo
10127,30282,2011,10,28,9,I,arturo
10127,30282,2011,11,28,17,I,arturo
10127,30282,2011,12,20,11,I,arturo
10127,30282,2012,1,24,9,I,arturo
10127,30282,2012,2,17,28,I,arturo
10127,30288,2011,8,17,2,I,Kyle McDonald
10127,30288,2011,9,19,10,I,Kyle McDonald
10127,30288,2011,11,9,2,I,Kyle McDonald
10127,30288,2011,12,21,5,I,Kyle McDonald
10127,30288,2012,2,22,6,I,Kyle McDonald
10135,30281,2011,10,31,10,I,Theodore Watson
10135,30281,2011,11,9,1,I,Theodore Watson
10135,30281,2011,12,31,1,I,Theodore Watson
10135,30281,2012,2,9,10,I,Theodore Watson
10135,30282,2011,7,30,2,I,arturo
10135,30282,2011,8,28,27,I,arturo
10135,30282,2011,9,15,6,I,arturo
10135,30282,2011,10,28,9,I,arturo
10135,30282,2011,11,28,17,I,arturo
10135,30282,2011,12,20,11,I,arturo
10135,30282,2012,1,24,9,I,arturo
10135,30282,2012,2,17,28,I,arturo
10135,30288,2011,8,17,2,I,Kyle McDonald
10135,30288,2011,9,19,10,I,Kyle McDonald
10135,30288,2011,11,9,2,I,Kyle McDonald
10135,30288,2011,12,21,5,I,Kyle McDonald
10135,30288,2012,2,23,7,I,Kyle McDonald
10139,30288,2012,2,22,1,I,Kyle McDonald
10140,4351,2012,9,29,3,I,Nay
10140,4351,2012,10,7,4,I,Nay
10140,4351,2012,11,25,2,I,Nay
10140,9962,2012,10,19,5,I,Shauren
10140,9962,2012,11,10,2,I,Shauren
10140,9962,2012,12,1,1,I,Shauren
10140,25180,2012,10,10,25,I,Subv
10140,25180,2012,11,14,3,I,Subv
10140,25180,2012,12,1,3,I,Subv
10151,16689,2011,6,12,3,I,Jonathan Marshall
10154,30285,2012,2,16,1,I,lukasz karluk
10158,30288,2012,2,9,2,I,Kyle McDonald
10160,30281,2011,10,31,10,I,Theodore Watson
10160,30281,2011,11,9,1,I,Theodore Watson
10160,30281,2011,12,31,1,I,Theodore Watson
10160,30281,2012,2,9,9,I,Theodore Watson
10160,30282,2011,7,30,2,I,arturo
10160,30282,2011,8,28,27,I,arturo
10160,30282,2011,9,15,6,I,arturo
10160,30282,2011,10,28,9,I,arturo
10160,30282,2011,11,28,17,I,arturo
10160,30282,2011,12,20,11,I,arturo
10160,30282,2012,1,24,9,I,arturo
10160,30282,2012,2,7,6,I,arturo
10160,30288,2011,8,17,2,I,Kyle McDonald
10160,30288,2011,9,19,10,I,Kyle McDonald
10160,30288,2011,11,9,2,I,Kyle McDonald
10160,30288,2011,12,21,5,I,Kyle McDonald
10160,30288,2012,2,9,5,I,Kyle McDonald
10175,30288,2012,2,8,3,I,Kyle McDonald
10177,30281,2011,10,31,10,I,Theodore Watson
10177,30281,2011,11,9,1,I,Theodore Watson
10177,30281,2011,12,31,1,I,Theodore Watson
10177,30282,2011,7,30,2,I,arturo
10177,30282,2011,8,28,27,I,arturo
10177,30282,2011,9,15,6,I,arturo
10177,30282,2011,10,28,9,I,arturo
10177,30282,2011,11,28,17,I,arturo
10177,30282,2011,12,20,11,I,arturo
10177,30282,2012,1,24,9,I,arturo
10177,30282,2012,2,7,6,I,arturo
10177,30288,2011,8,17,2,I,Kyle McDonald
10177,30288,2011,9,19,10,I,Kyle McDonald
10177,30288,2011,11,9,2,I,Kyle McDonald
10177,30288,2011,12,21,5,I,Kyle McDonald
10177,30288,2012,2,8,3,I,Kyle McDonald
10183,30281,2011,10,31,10,I,Theodore Watson
10183,30281,2011,11,9,1,I,Theodore Watson
10183,30281,2011,12,31,1,I,Theodore Watson
10183,30282,2011,7,30,2,I,arturo
10183,30282,2011,8,28,27,I,arturo
10183,30282,2011,9,15,6,I,arturo
10183,30282,2011,10,28,9,I,arturo
10183,30282,2011,11,28,17,I,arturo
10183,30282,2011,12,20,11,I,arturo
10183,30282,2012,1,24,9,I,arturo
10183,30282,2012,2,3,4,I,arturo
10183,30288,2011,8,17,2,I,Kyle McDonald
10183,30288,2011,9,19,10,I,Kyle McDonald
10183,30288,2011,11,9,2,I,Kyle McDonald
10183,30288,2011,12,21,5,I,Kyle McDonald
10203,30282,2012,1,4,1,I,arturo
10217,30288,2011,12,21,1,I,Kyle McDonald
10233,30281,2011,10,31,10,I,Theodore Watson
10233,30281,2011,11,9,1,I,Theodore Watson
10233,30282,2011,7,30,2,I,arturo
10233,30282,2011,8,28,27,I,arturo
10233,30282,2011,9,15,6,I,arturo
10233,30282,2011,10,28,9,I,arturo
10233,30282,2011,11,13,10,I,arturo
10233,30288,2011,8,17,2,I,Kyle McDonald
10233,30288,2011,9,19,10,I,Kyle McDonald
10233,30288,2011,11,9,2,I,Kyle McDonald
10246,30288,2011,11,9,2,I,Kyle McDonald
10292,30282,2011,9,11,1,I,arturo
10292,30288,2011,9,19,8,I,Kyle McDonald
10296,30288,2011,9,13,1,I,Kyle McDonald
10300,30288,2011,9,13,1,I,Kyle McDonald
10302,30282,2011,7,30,2,I,arturo
10302,30282,2011,8,17,26,I,arturo
10302,30288,2011,8,17,2,I,Kyle McDonald
10302,30288,2011,9,13,1,I,Kyle McDonald
10326,30288,2011,8,16,1,I,Kyle McDonald
10335,30282,2011,8,12,1,I,arturo
10339,30282,2011,7,30,2,I,arturo
10339,30282,2011,8,12,8,I,arturo
10340,4351,2012,8,26,4,I,Nay
10340,4351,2012,9,1,23,I,Nay
10340,4351,2012,10,7,1,I,Nay
10340,4351,2012,11,23,3,I,Nay
10340,25158,2012,8,28,1,I,blub
10340,25180,2012,8,22,24,I,Subv
10340,25180,2012,9,3,26,I,Subv
10340,25180,2012,10,3,7,I,Subv
10340,25180,2012,11,12,1,I,Subv
10350,12747,2011,5,30,4,I,Sascha Montellese
10368,30288,2011,7,20,2,I,Kyle McDonald
10378,30288,2011,7,18,3,I,Kyle McDonald
10392,30288,2011,7,11,6,I,Kyle McDonald
10399,30288,2011,7,5,7,I,Kyle McDonald
10405,4351,2012,11,24,1,I,Nay
10405,9962,2012,11,25,10,I,Shauren
10405,25158,2012,11,25,6,I,blub
10406,4351,2012,8,26,4,I,Nay
10406,4351,2012,9,1,23,I,Nay
10406,4351,2012,10,7,1,I,Nay
10406,4351,2012,11,23,3,I,Nay
10406,25158,2012,8,28,1,I,blub
10406,25180,2012,8,22,24,I,Subv
10406,25180,2012,9,3,26,I,Subv
10406,25180,2012,10,3,7,I,Subv
10406,25180,2012,11,12,1,I,Subv
10430,16689,2011,5,1,1,I,Jonathan Marshall
10431,30288,2011,5,28,9,I,Kyle McDonald
10437,16689,2011,4,28,6,I,Jonathan Marshall
10437,16689,2011,5,1,4,I,Jonathan Marshall
10442,30288,2011,5,21,1,I,Kyle McDonald
10458,12747,2011,4,28,2,I,Sascha Montellese
10458,12747,2011,5,2,1,I,Sascha Montellese
10472,4351,2012,8,23,22,I,Nay
10472,4351,2012,9,3,60,I,Nay
10472,4351,2012,10,7,4,I,Nay
10472,9962,2012,8,25,4,I,Shauren
10472,9962,2012,9,5,16,I,Shauren
10472,9962,2012,10,19,5,I,Shauren
10472,25158,2012,8,24,3,I,blub
10472,25158,2012,9,10,4,I,blub
10472,25180,2012,9,9,11,I,Subv
10472,25180,2012,10,10,25,I,Subv
10478,30288,2011,4,19,3,I,Kyle McDonald
10480,30288,2011,4,19,8,I,Kyle McDonald
10489,30288,2011,3,30,1,I,Kyle McDonald
10521,30288,2011,2,15,1,I,Kyle McDonald
10537,30288,2011,2,13,1,I,Kyle McDonald
10548,30282,2011,2,10,2,I,arturo
10549,30282,2010,5,23,1,I,arturo
10549,30282,2010,6,2,34,I,arturo
10549,30282,2010,7,11,10,I,arturo
10549,30282,2010,8,1,15,I,arturo
10549,30282,2010,11,28,4,I,arturo
10549,30282,2011,1,28,83,I,arturo
10549,30282,2011,2,10,52,I,arturo
10572,12747,2011,4,10,1,I,Sascha Montellese
10594,12747,2011,1,28,2,I,Sascha Montellese
10594,12747,2011,2,7,6,I,Sascha Montellese
10594,12747,2011,3,13,7,I,Sascha Montellese
10594,12747,2011,4,1,3,I,Sascha Montellese
10634,30282,2011,1,30,55,I,arturo
10642,30282,2010,5,23,1,I,arturo
10642,30282,2010,6,2,34,I,arturo
10642,30282,2010,7,11,10,I,arturo
10642,30282,2010,8,1,15,I,arturo
10642,30282,2010,11,28,4,I,arturo
10642,30282,2011,1,28,16,I,arturo
10642,30282,2011,2,2,3,I,arturo
10652,30288,2011,1,27,16,I,Kyle McDonald
10657,30288,2011,1,27,16,I,Kyle McDonald
10702,4351,2012,8,26,4,I,Nay
10702,4351,2012,9,1,23,I,Nay
10702,25158,2012,8,28,1,I,blub
10702,25180,2012,8,22,24,I,Subv
10702,25180,2012,9,3,25,I,Subv
10734,30288,2011,1,15,2,I,Kyle McDonald
10739,30288,2011,1,15,6,I,Kyle McDonald
10765,16689,2011,2,25,8,I,Jonathan Marshall
10803,30288,2011,1,13,7,I,Kyle McDonald
10808,30288,2011,1,13,20,I,Kyle McDonald
10822,9962,2012,9,9,1,I,Shauren
10829,30288,2011,1,11,4,I,Kyle McDonald
10831,16689,2011,2,15,3,I,Jonathan Marshall
10838,30288,2011,1,9,8,I,Kyle McDonald
10844,30288,2010,11,20,8,I,Kyle McDonald
10844,30288,2011,1,10,16,I,Kyle McDonald
10859,16689,2011,2,16,18,I,Jonathan Marshall
10950,27536,2012,5,14,57,I,Alexey
10950,27536,2012,6,22,93,I,Alexey
10950,27536,2012,7,1,44,I,Alexey
10950,27536,2012,8,1,51,I,Alexey
10968,4351,2012,8,17,1,I,Nay
10976,4351,2012,8,14,4,I,Nay
10976,25158,2012,8,14,8,I,blub
10987,4351,2012,7,16,27,I,Nay
10987,4351,2012,8,13,71,I,Nay
10987,9962,2012,7,11,52,I,Shauren
10987,9962,2012,8,1,23,I,Shauren
10987,25158,2012,8,12,1,I,blub
10987,25180,2012,8,3,38,I,Subv
10988,2638,2012,3,15,6,I,Jon Leighton
10990,25158,2012,8,13,1,I,blub
10991,25158,2012,8,13,1,I,blub
10992,25158,2012,8,13,1,I,blub
10996,25158,2012,8,12,1,I,blub
10997,4351,2012,7,16,27,I,Nay
10997,4351,2012,8,1,63,I,Nay
10997,9962,2012,5,30,1,I,Shauren
10997,9962,2012,7,11,68,I,Shauren
10997,9962,2012,8,1,20,I,Shauren
10997,25158,2012,8,12,1,I,blub
10997,25180,2012,8,3,31,I,Subv
10998,25158,2012,8,12,1,I,blub
11007,4351,2012,1,22,5,I,Nay
11007,4351,2012,2,21,1,I,Nay
11007,4351,2012,5,30,2,I,Nay
11007,4351,2012,7,16,27,I,Nay
11007,4351,2012,8,1,28,I,Nay
11007,9962,2012,1,27,14,I,Shauren
11007,9962,2012,2,1,7,I,Shauren
11007,9962,2012,3,23,1,I,Shauren
11007,9962,2012,5,30,2,I,Shauren
11007,9962,2012,7,11,68,I,Shauren
11007,9962,2012,8,1,9,I,Shauren
11007,25180,2012,3,22,6,I,Subv
11007,25180,2012,4,3,1,I,Subv
11007,25180,2012,8,3,17,I,Subv
11012,4351,2012,1,22,13,I,Nay
11012,4351,2012,2,21,1,I,Nay
11012,4351,2012,5,30,2,I,Nay
11012,4351,2012,7,16,27,I,Nay
11012,4351,2012,8,1,17,I,Nay
11012,9962,2012,1,27,19,I,Shauren
11012,9962,2012,2,1,7,I,Shauren
11012,9962,2012,3,23,1,I,Shauren
11012,9962,2012,5,30,2,I,Shauren
11012,9962,2012,7,11,68,I,Shauren
11012,9962,2012,8,1,4,I,Shauren
11012,25180,2012,1,16,2,I,Subv
11012,25180,2012,3,22,6,I,Subv
11012,25180,2012,4,3,1,I,Subv
11012,25180,2012,8,3,4,I,Subv
11014,25158,2012,8,4,1,I,blub
11030,25158,2012,8,2,1,I,blub
11033,25158,2012,7,29,1,I,blub
11047,25158,2012,7,21,1,I,blub
11051,25158,2012,7,17,1,I,blub
11054,25158,2012,7,15,1,I,blub
11061,25158,2012,7,10,1,I,blub
11066,25158,2012,7,7,1,I,blub
11069,25158,2012,7,6,1,I,blub
11072,25158,2012,7,2,1,I,blub
11084,27536,2012,1,23,11,I,Alexey
11084,27536,2012,2,1,28,I,Alexey
11084,27536,2012,3,1,52,I,Alexey
11084,27536,2012,4,1,52,I,Alexey
11084,27536,2012,5,14,51,I,Alexey
11084,27536,2012,6,22,46,I,Alexey
11096,25158,2012,6,21,1,I,blub
11097,25158,2012,6,21,1,I,blub
11101,25158,2012,6,20,1,I,blub
11104,25158,2012,6,18,1,I,blub
11116,25158,2012,6,14,1,I,blub
11120,25158,2012,6,13,1,I,blub
11124,25158,2012,6,2,1,I,blub
11126,4351,2011,11,27,5,I,Nay
11126,4351,2011,12,18,29,I,Nay
11126,4351,2012,1,22,25,I,Nay
11126,4351,2012,2,21,1,I,Nay
11126,4351,2012,5,30,2,I,Nay
11126,9962,2011,11,29,1,I,Shauren
11126,9962,2011,12,17,2,I,Shauren
11126,9962,2012,1,27,25,I,Shauren
11126,9962,2012,2,1,7,I,Shauren
11126,9962,2012,3,23,1,I,Shauren
11126,9962,2012,5,30,1,I,Shauren
11126,25180,2012,1,16,5,I,Subv
11126,25180,2012,3,22,6,I,Subv
11126,25180,2012,4,3,1,I,Subv
11128,25158,2012,6,1,1,I,blub
11136,25158,2012,5,26,1,I,blub
11142,25158,2012,5,20,1,I,blub
11147,27536,2012,5,16,3,I,Alexey
11148,25158,2012,5,15,1,I,blub
11149,25158,2012,5,15,1,I,blub
11153,25158,2012,5,13,1,I,blub
11159,25158,2012,5,9,1,I,blub
11175,25158,2012,4,27,1,I,blub
11177,25158,2012,4,27,1,I,blub
11189,25158,2012,4,22,1,I,blub
11190,25158,2012,4,21,1,I,blub
11200,25158,2012,4,16,1,I,blub
11207,25158,2012,4,7,1,I,blub
11209,25158,2012,4,7,2,I,blub
11210,25158,2012,4,6,2,I,blub
11211,25158,2012,4,6,1,I,blub
11213,25158,2012,4,6,1,I,blub
11214,25158,2012,4,6,1,I,blub
11252,4351,2011,6,28,2,I,Nay
11252,4351,2011,7,3,1,I,Nay
11252,25180,2012,2,18,1,I,Subv
11252,25180,2012,3,4,3,I,Subv
11279,4351,2012,3,11,2,I,Nay
11279,9962,2012,3,11,3,I,Shauren
11279,25180,2012,3,9,1,I,Subv
11300,25158,2012,3,4,1,I,blub
11301,4351,2012,2,26,13,I,Nay
11301,9962,2012,2,29,22,I,Shauren
11301,25180,2012,2,27,3,I,Subv
11328,4351,2012,2,20,7,I,Nay
11328,9962,2012,2,18,3,I,Shauren
11328,25158,2012,2,18,1,I,blub
11328,25180,2012,2,19,8,I,Subv
11334,4351,2012,1,29,4,I,Nay
11334,4351,2012,2,15,26,I,Nay
11334,9962,2012,1,31,6,I,Shauren
11334,9962,2012,2,14,5,I,Shauren
11334,25158,2012,1,30,1,I,blub
11334,25180,2012,1,31,19,I,Subv
11334,25180,2012,2,14,57,I,Subv
11353,25180,2012,2,3,1,I,Subv
11354,25180,2012,2,9,24,I,Subv
11378,4351,2011,11,27,16,I,Nay
11378,4351,2011,12,18,29,I,Nay
11378,4351,2012,1,22,25,I,Nay
11378,9962,2011,11,29,4,I,Shauren
11378,9962,2011,12,17,2,I,Shauren
11378,9962,2012,1,27,25,I,Shauren
11378,25180,2012,1,16,5,I,Subv
11389,25158,2012,1,30,1,I,blub
11410,4351,2011,11,27,19,I,Nay
11410,4351,2011,12,18,29,I,Nay
11410,4351,2012,1,22,22,I,Nay
11410,9962,2011,11,29,7,I,Shauren
11410,9962,2011,12,17,2,I,Shauren
11410,9962,2012,1,20,11,I,Shauren
11410,25180,2012,1,16,5,I,Subv
11433,25158,2012,1,21,1,I,blub
11437,25158,2012,1,30,4,I,blub
11438,25158,2012,1,19,2,I,blub
11439,25158,2012,1,18,1,I,blub
11441,25158,2012,1,18,1,I,blub
11443,27536,2012,1,17,1,I,Alexey
11451,25180,2012,1,16,2,I,Subv
11474,25180,2012,1,13,1,I,Subv
11486,25180,2012,1,11,1,I,Subv
11493,25180,2012,1,9,1,I,Subv
11503,25180,2012,1,9,2,I,Subv
11525,25180,2012,1,7,2,I,Subv
11528,25180,2012,1,6,3,I,Subv
11536,25180,2012,1,5,1,I,Subv
11604,25180,2012,1,3,1,I,Subv
11625,25180,2011,12,28,5,I,Subv
11626,25180,2011,12,26,1,I,Subv
11689,16689,2013,6,3,2,I,Jonathan Marshall
11784,9962,2011,10,8,2,I,Shauren
12006,4351,2013,7,14,11,I,Nay
12006,4351,2013,8,5,13,I,Nay
12006,9962,2013,7,9,5,I,Shauren
12006,9962,2013,8,1,6,I,Shauren
12006,25158,2013,7,14,129,I,blub
12006,25158,2013,8,16,58,I,blub
12006,25158,2013,9,6,5,I,blub
12006,25180,2013,7,23,1,I,Subv
12008,4351,2013,7,14,11,I,Nay
12008,4351,2013,8,5,13,I,Nay
12008,9962,2013,7,9,5,I,Shauren
12008,9962,2013,8,1,6,I,Shauren
12008,25158,2013,7,14,129,I,blub
12008,25158,2013,8,16,58,I,blub
12008,25158,2013,9,6,5,I,blub
12008,25180,2013,7,23,1,I,Subv
12034,4351,2013,7,14,11,I,Nay
12034,4351,2013,8,5,13,I,Nay
12034,9962,2013,6,28,1,I,Shauren
12034,9962,2013,7,9,5,I,Shauren
12034,9962,2013,8,1,5,I,Shauren
12034,25158,2013,6,28,5,I,blub
12034,25158,2013,7,14,130,I,blub
12034,25158,2013,8,16,53,I,blub
12034,25180,2013,7,23,1,I,Subv
12046,4351,2013,8,12,1,I,Nay
12098,4351,2013,7,15,4,I,Nay
12130,25158,2013,5,21,1,I,blub
100335,2638,2008,9,7,1,O,Jon Leighton
100336,2638,2010,10,31,2,O,Jon Leighton
100337,2638,2010,12,31,41,O,Jon Leighton
100338,2638,2011,1,26,79,O,Jon Leighton
100339,2638,2011,2,18,7,O,Jon Leighton
100340,2638,2011,3,18,17,O,Jon Leighton
100341,2638,2011,4,14,18,O,Jon Leighton
100342,2638,2011,5,23,39,O,Jon Leighton
100343,2638,2011,6,12,60,O,Jon Leighton
100344,2638,2011,7,18,25,O,Jon Leighton
100345,2638,2011,8,3,43,O,Jon Leighton
100346,2638,2011,9,7,56,O,Jon Leighton
100347,2638,2011,10,23,3,O,Jon Leighton
100348,2638,2011,11,19,77,O,Jon Leighton
100349,2638,2011,12,3,117,O,Jon Leighton
100350,2638,2012,1,27,21,O,Jon Leighton
100351,2638,2012,2,22,5,O,Jon Leighton
100352,2638,2012,3,30,42,O,Jon Leighton
100353,2638,2012,4,27,61,O,Jon Leighton
100354,2638,2012,5,18,27,O,Jon Leighton
100355,2638,2012,6,2,10,O,Jon Leighton
100356,2638,2012,7,17,31,O,Jon Leighton
100357,2638,2012,8,31,40,O,Jon Leighton
100358,2638,2012,9,14,25,O,Jon Leighton
100359,2638,2012,10,12,8,O,Jon Leighton
100360,2638,2012,11,23,13,O,Jon Leighton
100361,2638,2013,1,27,10,O,Jon Leighton
100362,2638,2013,2,15,5,O,Jon Leighton
100363,2638,2013,3,22,17,O,Jon Leighton
100364,2638,2013,4,19,9,O,Jon Leighton
100365,2638,2013,5,10,6,O,Jon Leighton
100366,2638,2013,6,28,9,O,Jon Leighton
100572,17402,2010,12,19,43,O,Vijay Dev
100573,17402,2011,2,10,16,O,Vijay Dev
100574,17402,2011,3,10,2,O,Vijay Dev
100575,17402,2011,4,22,5,O,Vijay Dev
100576,17402,2011,5,24,37,O,Vijay Dev
100577,17402,2011,6,18,67,O,Vijay Dev
100578,17402,2011,7,22,36,O,Vijay Dev
100579,17402,2011,8,27,21,O,Vijay Dev
100580,17402,2011,9,16,48,O,Vijay Dev
100581,17402,2011,10,5,40,O,Vijay Dev
100582,17402,2011,11,5,59,O,Vijay Dev
100583,17402,2011,12,31,64,O,Vijay Dev
100584,17402,2012,1,30,56,O,Vijay Dev
100585,17402,2012,2,18,32,O,Vijay Dev
100586,17402,2012,3,29,44,O,Vijay Dev
100587,17402,2012,4,23,63,O,Vijay Dev
100588,17402,2012,5,26,93,O,Vijay Dev
100589,17402,2012,6,30,17,O,Vijay Dev
100590,17402,2012,7,15,11,O,Vijay Dev
100591,17402,2012,8,29,14,O,Vijay Dev
100592,17402,2012,9,29,20,O,Vijay Dev
100593,17402,2012,10,21,15,O,Vijay Dev
100594,17402,2012,11,23,13,O,Vijay Dev
100595,17402,2012,12,29,29,O,Vijay Dev
100596,17402,2013,1,9,8,O,Vijay Dev
100597,17402,2013,2,26,3,O,Vijay Dev
100598,17402,2013,3,20,9,O,Vijay Dev
100599,17402,2013,4,13,4,O,Vijay Dev
100600,17402,2013,5,19,11,O,Vijay Dev
100601,17402,2013,6,13,8,O,Vijay Dev
100602,17402,2013,7,5,3,O,Vijay Dev
100603,17402,2013,8,30,3,O,Vijay Dev
100604,17402,2013,9,21,4,O,Vijay Dev
100748,22053,2010,1,31,7,O,Santiago Pastorino
100749,22053,2010,2,1,15,O,Santiago Pastorino
100750,22053,2010,3,30,15,O,Santiago Pastorino
100751,22053,2010,4,20,56,O,Santiago Pastorino
100752,22053,2010,5,22,39,O,Santiago Pastorino
100753,22053,2010,6,30,50,O,Santiago Pastorino
100754,22053,2010,7,31,62,O,Santiago Pastorino
100755,22053,2010,8,31,46,O,Santiago Pastorino
100756,22053,2010,9,1,17,O,Santiago Pastorino
100757,22053,2010,10,17,30,O,Santiago Pastorino
100758,22053,2010,11,16,47,O,Santiago Pastorino
100759,22053,2010,12,22,30,O,Santiago Pastorino
100760,22053,2011,1,13,16,O,Santiago Pastorino
100761,22053,2011,2,12,11,O,Santiago Pastorino
100762,22053,2011,3,17,14,O,Santiago Pastorino
100763,22053,2011,4,4,21,O,Santiago Pastorino
100764,22053,2011,5,11,14,O,Santiago Pastorino
100765,22053,2011,6,29,31,O,Santiago Pastorino
100766,22053,2011,7,6,87,O,Santiago Pastorino
100767,22053,2011,8,6,81,O,Santiago Pastorino
100768,22053,2011,9,4,97,O,Santiago Pastorino
100769,22053,2011,10,4,17,O,Santiago Pastorino
100770,22053,2011,11,27,3,O,Santiago Pastorino
100771,22053,2011,12,20,20,O,Santiago Pastorino
100772,22053,2012,1,29,53,O,Santiago Pastorino
100773,22053,2012,2,20,16,O,Santiago Pastorino
100774,22053,2012,3,17,44,O,Santiago Pastorino
100775,22053,2012,4,23,23,O,Santiago Pastorino
100776,22053,2012,5,8,22,O,Santiago Pastorino
100777,22053,2012,6,13,16,O,Santiago Pastorino
100778,22053,2012,7,24,5,O,Santiago Pastorino
100779,22053,2012,8,9,16,O,Santiago Pastorino
100780,22053,2012,9,20,26,O,Santiago Pastorino
100781,22053,2012,10,2,17,O,Santiago Pastorino
100782,22053,2012,11,15,28,O,Santiago Pastorino
100783,22053,2012,12,30,11,O,Santiago Pastorino
100784,22053,2013,1,28,13,O,Santiago Pastorino
100785,22053,2013,2,20,11,O,Santiago Pastorino
100786,22053,2013,3,6,7,O,Santiago Pastorino
100787,22053,2013,4,11,18,O,Santiago Pastorino
100788,22053,2013,5,17,2,O,Santiago Pastorino
100789,22053,2013,6,30,6,O,Santiago Pastorino
100790,22053,2013,7,27,10,O,Santiago Pastorino
100791,22053,2013,8,26,13,O,Santiago Pastorino
100792,22053,2013,9,4,6,O,Santiago Pastorino
101063,30535,2008,3,29,3,O,Joshua Peek
101064,30535,2008,4,30,22,O,Joshua Peek
101065,30535,2008,5,31,13,O,Joshua Peek
101066,30535,2008,6,14,29,O,Joshua Peek
101067,30535,2008,7,31,89,O,Joshua Peek
101068,30535,2008,8,31,50,O,Joshua Peek
101069,30535,2008,9,28,4,O,Joshua Peek
101070,30535,2008,10,30,9,O,Joshua Peek
101071,30535,2008,11,28,36,O,Joshua Peek
101072,30535,2008,12,29,51,O,Joshua Peek
101073,30535,2009,1,31,36,O,Joshua Peek
101074,30535,2009,2,24,30,O,Joshua Peek
101075,30535,2009,3,24,21,O,Joshua Peek
101076,30535,2009,4,30,48,O,Joshua Peek
101077,30535,2009,5,30,27,O,Joshua Peek
101078,30535,2009,6,28,17,O,Joshua Peek
101079,30535,2009,7,30,28,O,Joshua Peek
101080,30535,2009,8,31,28,O,Joshua Peek
101081,30535,2009,9,26,100,O,Joshua Peek
101082,30535,2009,10,27,93,O,Joshua Peek
101083,30535,2009,11,29,38,O,Joshua Peek
101084,30535,2009,12,26,102,O,Joshua Peek
101085,30535,2010,1,16,92,O,Joshua Peek
101086,30535,2010,2,28,17,O,Joshua Peek
101087,30535,2010,3,30,16,O,Joshua Peek
101088,30535,2010,4,7,2,O,Joshua Peek
101089,30535,2011,4,27,12,O,Joshua Peek
101090,30535,2011,5,22,8,O,Joshua Peek
101091,30535,2011,6,14,9,O,Joshua Peek
101092,30535,2011,7,27,1,O,Joshua Peek
101093,30535,2011,8,24,9,O,Joshua Peek
101094,30535,2012,10,17,7,O,Joshua Peek
101095,30535,2013,7,10,3,O,Joshua Peek
101105,31607,2009,3,10,2,O,Aaron Patterson
101106,31607,2009,6,2,1,O,Aaron Patterson
101107,31607,2009,9,17,2,O,Aaron Patterson
101108,31607,2010,1,26,1,O,Aaron Patterson
101109,31607,2010,3,16,22,O,Aaron Patterson
101110,31607,2010,4,17,10,O,Aaron Patterson
101111,31607,2010,6,29,9,O,Aaron Patterson
101112,31607,2010,7,30,72,O,Aaron Patterson
101113,31607,2010,8,24,43,O,Aaron Patterson
101114,31607,2010,9,30,122,O,Aaron Patterson
101115,31607,2010,10,26,125,O,Aaron Patterson
101116,31607,2010,11,16,118,O,Aaron Patterson
101117,31607,2010,12,24,101,O,Aaron Patterson
101118,31607,2011,1,17,108,O,Aaron Patterson
101119,31607,2011,2,9,40,O,Aaron Patterson
101120,31607,2011,3,2,42,O,Aaron Patterson
101121,31607,2011,4,5,92,O,Aaron Patterson
101122,31607,2011,5,25,71,O,Aaron Patterson
101123,31607,2011,6,6,76,O,Aaron Patterson
101124,31607,2011,7,11,53,O,Aaron Patterson
101125,31607,2011,8,16,89,O,Aaron Patterson
101126,31607,2011,9,6,50,O,Aaron Patterson
101127,31607,2011,10,20,29,O,Aaron Patterson
101128,31607,2011,11,16,60,O,Aaron Patterson
101129,31607,2011,12,29,140,O,Aaron Patterson
101130,31607,2012,1,24,217,O,Aaron Patterson
101131,31607,2012,2,1,101,O,Aaron Patterson
101132,31607,2012,3,20,103,O,Aaron Patterson
101133,31607,2012,4,27,31,O,Aaron Patterson
101134,31607,2012,5,24,77,O,Aaron Patterson
101135,31607,2012,6,12,38,O,Aaron Patterson
101136,31607,2012,7,23,54,O,Aaron Patterson
101137,31607,2012,8,17,31,O,Aaron Patterson
101138,31607,2012,9,28,11,O,Aaron Patterson
101139,31607,2012,10,15,12,O,Aaron Patterson
101140,31607,2012,11,12,30,O,Aaron Patterson
101141,31607,2012,12,23,14,O,Aaron Patterson
101142,31607,2013,1,27,51,O,Aaron Patterson
101143,31607,2013,2,11,15,O,Aaron Patterson
101144,31607,2013,3,22,53,O,Aaron Patterson
101145,31607,2013,4,9,26,O,Aaron Patterson
101146,31607,2013,5,14,110,O,Aaron Patterson
101147,31607,2013,6,28,24,O,Aaron Patterson
101148,31607,2013,7,3,76,O,Aaron Patterson
101149,31607,2013,8,27,58,O,Aaron Patterson
101150,31607,2013,9,6,49,O,Aaron Patterson
101151,31607,2013,10,3,7,O,Aaron Patterson
101369,43434,2008,5,23,2,O,Jos Valim
101370,43434,2008,6,13,2,O,Jos Valim
101371,43434,2008,7,29,2,O,Jos Valim
101372,43434,2009,1,31,2,O,Jos Valim
101373,43434,2009,2,7,2,O,Jos Valim
101374,43434,2009,4,1,2,O,Jos Valim
101375,43434,2009,7,11,51,O,Jos Valim
101376,43434,2009,8,30,27,O,Jos Valim
101377,43434,2009,9,30,13,O,Jos Valim
101378,43434,2009,10,28,34,O,Jos Valim
101379,43434,2009,11,20,13,O,Jos Valim
101380,43434,2009,12,1,36,O,Jos Valim
101381,43434,2010,1,8,208,O,Jos Valim
101382,43434,2010,2,3,63,O,Jos Valim
101383,43434,2010,3,12,88,O,Jos Valim
101384,43434,2010,4,6,33,O,Jos Valim
101385,43434,2010,5,30,31,O,Jos Valim
101386,43434,2010,6,30,82,O,Jos Valim
101387,43434,2010,7,8,53,O,Jos Valim
101388,43434,2010,8,10,41,O,Jos Valim
101389,43434,2010,9,29,32,O,Jos Valim
101390,43434,2010,10,10,41,O,Jos Valim
101391,43434,2010,11,27,21,O,Jos Valim
101392,43434,2010,12,27,17,O,Jos Valim
101393,43434,2011,1,19,1,O,Jos Valim
101394,43434,2011,2,22,1,O,Jos Valim
101395,43434,2011,3,29,8,O,Jos Valim
101396,43434,2011,4,27,71,O,Jos Valim
101397,43434,2011,5,3,237,O,Jos Valim
101398,43434,2011,6,17,108,O,Jos Valim
101399,43434,2011,7,12,49,O,Jos Valim
101400,43434,2011,8,31,18,O,Jos Valim
101401,43434,2011,9,8,51,O,Jos Valim
101402,43434,2011,10,23,69,O,Jos Valim
101403,43434,2011,11,30,69,O,Jos Valim
101404,43434,2011,12,31,209,O,Jos Valim
101405,43434,2012,1,6,135,O,Jos Valim
101406,43434,2012,2,1,78,O,Jos Valim
101407,43434,2012,3,9,95,O,Jos Valim
101408,43434,2012,4,22,48,O,Jos Valim
101409,43434,2012,5,28,76,O,Jos Valim
101410,43434,2012,6,18,35,O,Jos Valim
101411,43434,2012,7,31,22,O,Jos Valim
101412,43434,2012,8,30,15,O,Jos Valim
101413,43434,2012,9,13,12,O,Jos Valim
101414,43434,2012,10,11,2,O,Jos Valim
101415,43434,2012,11,28,4,O,Jos Valim
101416,43434,2012,12,19,2,O,Jos Valim
101417,43434,2013,1,7,5,O,Jos Valim
101418,43434,2013,2,27,6,O,Jos Valim
101419,43434,2013,3,4,7,O,Jos Valim
101420,43434,2013,4,12,1,O,Jos Valim
101421,43434,2013,5,7,2,O,Jos Valim
101422,43434,2013,6,29,7,O,Jos Valim
101423,43434,2013,7,10,4,O,Jos Valim
101424,43434,2013,8,31,10,O,Jos Valim
101425,43434,2013,9,16,9,O,Jos Valim
101643,56175,2005,10,17,8,O,Michael Koziarski
101644,56175,2006,1,31,15,O,Michael Koziarski
101645,56175,2006,2,28,8,O,Michael Koziarski
101646,56175,2006,3,27,13,O,Michael Koziarski
101647,56175,2006,4,5,2,O,Michael Koziarski
101648,56175,2006,5,16,2,O,Michael Koziarski
101649,56175,2006,7,28,2,O,Michael Koziarski
101650,56175,2006,8,5,3,O,Michael Koziarski
101651,56175,2006,9,23,4,O,Michael Koziarski
101652,56175,2006,10,30,14,O,Michael Koziarski
101653,56175,2006,11,27,5,O,Michael Koziarski
101654,56175,2006,12,27,7,O,Michael Koziarski
101655,56175,2007,1,31,13,O,Michael Koziarski
101656,56175,2007,2,27,6,O,Michael Koziarski
101657,56175,2007,3,16,3,O,Michael Koziarski
101658,56175,2007,4,25,1,O,Michael Koziarski
101659,56175,2007,5,26,7,O,Michael Koziarski
101660,56175,2007,6,29,2,O,Michael Koziarski
101661,56175,2007,7,24,11,O,Michael Koziarski
101662,56175,2007,8,28,29,O,Michael Koziarski
101663,56175,2007,9,30,40,O,Michael Koziarski
101664,56175,2007,10,30,53,O,Michael Koziarski
101665,56175,2007,11,30,33,O,Michael Koziarski
101666,56175,2007,12,4,7,O,Michael Koziarski
101667,56175,2008,1,30,39,O,Michael Koziarski
101668,56175,2008,2,29,45,O,Michael Koziarski
101669,56175,2008,3,25,10,O,Michael Koziarski
101670,56175,2008,4,27,11,O,Michael Koziarski
101671,56175,2008,5,31,9,O,Michael Koziarski
101672,56175,2008,6,26,12,O,Michael Koziarski
101673,56175,2008,7,30,13,O,Michael Koziarski
101674,56175,2008,8,29,8,O,Michael Koziarski
101675,56175,2008,9,29,20,O,Michael Koziarski
101676,56175,2008,10,28,13,O,Michael Koziarski
101677,56175,2008,11,25,18,O,Michael Koziarski
101678,56175,2008,12,1,1,O,Michael Koziarski
101679,56175,2009,1,31,5,O,Michael Koziarski
101680,56175,2009,2,21,3,O,Michael Koziarski
101681,56175,2009,3,1,1,O,Michael Koziarski
101682,56175,2009,6,25,3,O,Michael Koziarski
101683,56175,2009,8,31,5,O,Michael Koziarski
101684,56175,2009,9,12,3,O,Michael Koziarski
101685,56175,2009,10,14,11,O,Michael Koziarski
101686,56175,2009,11,27,1,O,Michael Koziarski
101687,56175,2010,3,29,1,O,Michael Koziarski
101688,56175,2010,4,15,3,O,Michael Koziarski
101689,56175,2010,5,28,2,O,Michael Koziarski
101690,56175,2010,10,7,2,O,Michael Koziarski
101691,56175,2010,11,7,2,O,Michael Koziarski
101692,56175,2010,12,1,1,O,Michael Koziarski
101693,56175,2011,1,12,3,O,Michael Koziarski
101694,56175,2011,2,22,1,O,Michael Koziarski
101695,56175,2011,5,19,2,O,Michael Koziarski
101696,56175,2011,6,7,2,O,Michael Koziarski
101697,56175,2012,3,4,4,O,Michael Koziarski
101698,56175,2012,5,21,2,O,Michael Koziarski
101699,56175,2012,7,3,1,O,Michael Koziarski
101700,56175,2012,9,30,2,O,Michael Koziarski
101701,56175,2012,10,2,1,O,Michael Koziarski
101702,56175,2013,2,7,1,O,Michael Koziarski
101703,56175,2013,4,18,1,O,Michael Koziarski
101827,69820,2005,6,28,17,O,Jeremy Kemper
101828,69820,2005,7,12,61,O,Jeremy Kemper
101829,69820,2005,9,30,33,O,Jeremy Kemper
101830,69820,2005,10,30,60,O,Jeremy Kemper
101831,69820,2005,11,28,147,O,Jeremy Kemper
101832,69820,2005,12,13,27,O,Jeremy Kemper
101833,69820,2006,2,28,21,O,Jeremy Kemper
101834,69820,2006,3,13,9,O,Jeremy Kemper
101835,69820,2006,5,31,21,O,Jeremy Kemper
101836,69820,2006,6,30,40,O,Jeremy Kemper
101837,69820,2006,7,31,51,O,Jeremy Kemper
101838,69820,2006,8,31,68,O,Jeremy Kemper
101839,69820,2006,9,29,85,O,Jeremy Kemper
101840,69820,2006,10,31,25,O,Jeremy Kemper
101841,69820,2006,11,28,82,O,Jeremy Kemper
101842,69820,2006,12,31,52,O,Jeremy Kemper
101843,69820,2007,1,29,65,O,Jeremy Kemper
101844,69820,2007,2,26,24,O,Jeremy Kemper
101845,69820,2007,3,29,65,O,Jeremy Kemper
101846,69820,2007,4,25,6,O,Jeremy Kemper
101847,69820,2007,5,31,122,O,Jeremy Kemper
101848,69820,2007,6,28,67,O,Jeremy Kemper
101849,69820,2007,8,31,3,O,Jeremy Kemper
101850,69820,2007,9,29,88,O,Jeremy Kemper
101851,69820,2007,10,31,138,O,Jeremy Kemper
101852,69820,2007,11,28,33,O,Jeremy Kemper
101853,69820,2007,12,27,120,O,Jeremy Kemper
101854,69820,2008,1,31,85,O,Jeremy Kemper
101855,69820,2008,2,18,41,O,Jeremy Kemper
101856,69820,2008,3,31,61,O,Jeremy Kemper
101857,69820,2008,4,28,24,O,Jeremy Kemper
101858,69820,2008,5,31,22,O,Jeremy Kemper
101859,69820,2008,6,27,113,O,Jeremy Kemper
101860,69820,2008,7,31,36,O,Jeremy Kemper
101861,69820,2008,8,31,65,O,Jeremy Kemper
101862,69820,2008,9,10,19,O,Jeremy Kemper
101863,69820,2008,10,23,2,O,Jeremy Kemper
101864,69820,2008,11,30,109,O,Jeremy Kemper
101865,69820,2008,12,30,35,O,Jeremy Kemper
101866,69820,2009,1,31,20,O,Jeremy Kemper
101867,69820,2009,2,27,37,O,Jeremy Kemper
101868,69820,2009,3,19,21,O,Jeremy Kemper
101869,69820,2009,4,30,65,O,Jeremy Kemper
101870,69820,2009,5,28,77,O,Jeremy Kemper
101871,69820,2009,6,1,22,O,Jeremy Kemper
101872,69820,2009,7,29,4,O,Jeremy Kemper
101873,69820,2009,8,27,26,O,Jeremy Kemper
101874,69820,2009,9,24,33,O,Jeremy Kemper
101875,69820,2009,10,27,45,O,Jeremy Kemper
101876,69820,2009,11,29,135,O,Jeremy Kemper
101877,69820,2009,12,31,53,O,Jeremy Kemper
101878,69820,2010,1,27,25,O,Jeremy Kemper
101879,69820,2010,2,4,69,O,Jeremy Kemper
101880,69820,2010,3,1,68,O,Jeremy Kemper
101881,69820,2010,4,8,55,O,Jeremy Kemper
101882,69820,2010,5,24,8,O,Jeremy Kemper
101883,69820,2010,6,17,32,O,Jeremy Kemper
101884,69820,2010,7,9,8,O,Jeremy Kemper
101885,69820,2010,8,30,13,O,Jeremy Kemper
101886,69820,2010,9,9,5,O,Jeremy Kemper
101887,69820,2010,10,26,1,O,Jeremy Kemper
101888,69820,2011,1,7,1,O,Jeremy Kemper
101889,69820,2011,7,19,1,O,Jeremy Kemper
101890,69820,2011,10,3,24,O,Jeremy Kemper
101891,69820,2011,11,3,3,O,Jeremy Kemper
101892,69820,2011,12,11,13,O,Jeremy Kemper
101893,69820,2012,1,26,13,O,Jeremy Kemper
101894,69820,2012,2,7,14,O,Jeremy Kemper
101895,69820,2012,3,29,6,O,Jeremy Kemper
101896,69820,2012,4,24,42,O,Jeremy Kemper
101897,69820,2012,5,4,31,O,Jeremy Kemper
101898,69820,2012,7,4,1,O,Jeremy Kemper
101899,69820,2012,9,19,28,O,Jeremy Kemper
101900,69820,2012,10,26,27,O,Jeremy Kemper
101901,69820,2012,11,29,3,O,Jeremy Kemper
101902,69820,2012,12,27,18,O,Jeremy Kemper
101903,69820,2013,1,10,12,O,Jeremy Kemper
101904,69820,2013,2,28,6,O,Jeremy Kemper
101905,69820,2013,3,19,17,O,Jeremy Kemper
101906,69820,2013,4,28,8,O,Jeremy Kemper
101907,69820,2013,5,5,5,O,Jeremy Kemper
101908,69820,2013,9,11,3,O,Jeremy Kemper
101933,72858,2006,3,30,60,O,risk danger olson
101934,72858,2006,4,30,34,O,risk danger olson
101935,72858,2006,5,31,8,O,risk danger olson
101936,72858,2006,6,20,12,O,risk danger olson
101937,72858,2006,7,31,15,O,risk danger olson
101938,72858,2006,8,31,16,O,risk danger olson
101939,72858,2006,9,29,17,O,risk danger olson
101940,72858,2006,10,23,18,O,risk danger olson
101941,72858,2006,11,19,3,O,risk danger olson
101942,72858,2006,12,27,14,O,risk danger olson
101943,72858,2007,1,27,34,O,risk danger olson
101944,72858,2007,2,26,16,O,risk danger olson
101945,72858,2007,3,27,7,O,risk danger olson
101946,72858,2007,4,28,19,O,risk danger olson
101947,72858,2007,5,29,14,O,risk danger olson
101948,72858,2007,6,30,8,O,risk danger olson
101949,72858,2007,7,25,12,O,risk danger olson
101950,72858,2007,8,20,5,O,risk danger olson
101951,72858,2007,9,29,14,O,risk danger olson
101952,72858,2007,10,28,14,O,risk danger olson
101953,72858,2007,11,28,13,O,risk danger olson
101954,72858,2007,12,28,17,O,risk danger olson
101955,72858,2008,1,28,11,O,risk danger olson
101956,72858,2008,2,13,11,O,risk danger olson
101957,72858,2008,3,30,17,O,risk danger olson
101958,72858,2008,4,10,16,O,risk danger olson
101959,72858,2008,5,31,9,O,risk danger olson
101960,72858,2008,6,29,15,O,risk danger olson
101961,72858,2008,7,2,1,O,risk danger olson
101962,72858,2008,9,20,1,O,risk danger olson
101963,72858,2008,11,12,1,O,risk danger olson
101964,72858,2009,2,25,1,O,risk danger olson
101965,72858,2009,4,22,1,O,risk danger olson
101966,72858,2009,5,17,1,O,risk danger olson
102864,169886,2010,6,30,8,O,Piotr Sarnacki
102865,169886,2010,7,31,45,O,Piotr Sarnacki
102866,169886,2010,8,6,35,O,Piotr Sarnacki
102867,169886,2010,9,20,45,O,Piotr Sarnacki
102868,169886,2010,10,9,8,O,Piotr Sarnacki
102869,169886,2010,11,17,18,O,Piotr Sarnacki
102870,169886,2010,12,31,28,O,Piotr Sarnacki
102871,169886,2011,2,9,1,O,Piotr Sarnacki
102872,169886,2011,3,22,1,O,Piotr Sarnacki
102873,169886,2011,4,26,6,O,Piotr Sarnacki
102874,169886,2011,5,13,4,O,Piotr Sarnacki
102875,169886,2011,6,11,3,O,Piotr Sarnacki
102876,169886,2011,7,26,2,O,Piotr Sarnacki
102877,169886,2011,11,25,6,O,Piotr Sarnacki
102878,169886,2011,12,26,34,O,Piotr Sarnacki
102879,169886,2012,1,15,19,O,Piotr Sarnacki
102880,169886,2012,2,16,2,O,Piotr Sarnacki
102881,169886,2012,3,21,53,O,Piotr Sarnacki
102882,169886,2012,4,28,19,O,Piotr Sarnacki
102883,169886,2012,5,31,53,O,Piotr Sarnacki
102884,169886,2012,6,9,17,O,Piotr Sarnacki
102885,169886,2012,7,11,4,O,Piotr Sarnacki
102886,169886,2012,8,31,6,O,Piotr Sarnacki
102887,169886,2012,9,16,3,O,Piotr Sarnacki
102888,169886,2013,1,21,2,O,Piotr Sarnacki
102889,169886,2013,4,16,10,O,Piotr Sarnacki
102890,169886,2013,5,16,6,O,Piotr Sarnacki
102891,169886,2013,6,23,7,O,Piotr Sarnacki
102892,169886,2013,7,21,7,O,Piotr Sarnacki
102893,169886,2013,8,26,3,O,Piotr Sarnacki
102894,169886,2013,9,7,1,O,Piotr Sarnacki
102975,170043,2010,1,11,1,O,Carlos Antonio da Silva
102976,170043,2010,3,7,1,O,Carlos Antonio da Silva
102977,170043,2010,5,18,2,O,Carlos Antonio da Silva
102978,170043,2010,6,24,4,O,Carlos Antonio da Silva
102979,170043,2010,7,25,2,O,Carlos Antonio da Silva
102980,170043,2010,8,26,2,O,Carlos Antonio da Silva
102981,170043,2010,9,25,22,O,Carlos Antonio da Silva
102982,170043,2010,11,11,2,O,Carlos Antonio da Silva
102983,170043,2010,12,4,1,O,Carlos Antonio da Silva
102984,170043,2011,12,3,1,O,Carlos Antonio da Silva
102985,170043,2012,1,31,70,O,Carlos Antonio da Silva
102986,170043,2012,2,14,20,O,Carlos Antonio da Silva
102987,170043,2012,3,2,44,O,Carlos Antonio da Silva
102988,170043,2012,4,26,21,O,Carlos Antonio da Silva
102989,170043,2012,5,15,50,O,Carlos Antonio da Silva
102990,170043,2012,6,25,78,O,Carlos Antonio da Silva
102991,170043,2012,7,25,33,O,Carlos Antonio da Silva
102992,170043,2012,8,2,29,O,Carlos Antonio da Silva
102993,170043,2012,9,7,39,O,Carlos Antonio da Silva
102994,170043,2012,10,16,38,O,Carlos Antonio da Silva
102995,170043,2012,11,24,104,O,Carlos Antonio da Silva
102996,170043,2012,12,11,67,O,Carlos Antonio da Silva
102997,170043,2013,1,31,113,O,Carlos Antonio da Silva
102998,170043,2013,2,12,59,O,Carlos Antonio da Silva
102999,170043,2013,3,28,94,O,Carlos Antonio da Silva
103000,170043,2013,4,8,67,O,Carlos Antonio da Silva
103001,170043,2013,5,29,32,O,Carlos Antonio da Silva
103002,170043,2013,6,30,26,O,Carlos Antonio da Silva
103003,170043,2013,7,25,51,O,Carlos Antonio da Silva
103004,170043,2013,8,16,23,O,Carlos Antonio da Silva
103005,170043,2013,9,9,11,O,Carlos Antonio da Silva
103019,170069,2010,10,6,2,O,Rafael Mendona Frana
103020,170069,2012,1,31,85,O,Rafael Mendona Frana
103021,170069,2012,2,15,16,O,Rafael Mendona Frana
103022,170069,2012,3,12,27,O,Rafael Mendona Frana
103023,170069,2012,4,29,11,O,Rafael Mendona Frana
103024,170069,2012,5,12,65,O,Rafael Mendona Frana
103025,170069,2012,6,14,78,O,Rafael Mendona Frana
103026,170069,2012,7,6,62,O,Rafael Mendona Frana
103027,170069,2012,8,28,70,O,Rafael Mendona Frana
103028,170069,2012,9,5,104,O,Rafael Mendona Frana
103029,170069,2012,10,1,98,O,Rafael Mendona Frana
103030,170069,2012,11,29,59,O,Rafael Mendona Frana
103031,170069,2012,12,13,86,O,Rafael Mendona Frana
103032,170069,2013,1,26,113,O,Rafael Mendona Frana
103033,170069,2013,2,28,65,O,Rafael Mendona Frana
103034,170069,2013,3,28,94,O,Rafael Mendona Frana
103035,170069,2013,4,29,109,O,Rafael Mendona Frana
103036,170069,2013,5,30,105,O,Rafael Mendona Frana
103037,170069,2013,6,29,31,O,Rafael Mendona Frana
103038,170069,2013,7,24,103,O,Rafael Mendona Frana
103039,170069,2013,8,25,73,O,Rafael Mendona Frana
103040,170069,2013,9,16,97,O,Rafael Mendona Frana
103041,170069,2013,10,3,1,O,Rafael Mendona Frana
104441,175103,2008,5,12,2,O,Xavier Noria
104442,175103,2008,8,23,2,O,Xavier Noria
104443,175103,2008,12,28,2,O,Xavier Noria
104444,175103,2009,2,1,1,O,Xavier Noria
104445,175103,2009,6,13,2,O,Xavier Noria
104446,175103,2009,11,14,10,O,Xavier Noria
104447,175103,2009,12,27,3,O,Xavier Noria
104448,175103,2010,1,1,40,O,Xavier Noria
104449,175103,2010,2,14,12,O,Xavier Noria
104450,175103,2010,3,31,18,O,Xavier Noria
104451,175103,2010,4,7,43,O,Xavier Noria
104452,175103,2010,5,3,30,O,Xavier Noria
104453,175103,2010,6,14,45,O,Xavier Noria
104454,175103,2010,7,31,38,O,Xavier Noria
104455,175103,2010,8,30,95,O,Xavier Noria
104456,175103,2010,9,23,17,O,Xavier Noria
104457,175103,2010,10,30,24,O,Xavier Noria
104458,175103,2010,11,20,19,O,Xavier Noria
104459,175103,2010,12,22,28,O,Xavier Noria
104460,175103,2011,1,1,10,O,Xavier Noria
104461,175103,2011,2,20,23,O,Xavier Noria
104462,175103,2011,3,4,45,O,Xavier Noria
104463,175103,2011,4,22,23,O,Xavier Noria
104464,175103,2011,5,20,49,O,Xavier Noria
104465,175103,2011,6,24,42,O,Xavier Noria
104466,175103,2011,7,21,37,O,Xavier Noria
104467,175103,2011,8,24,47,O,Xavier Noria
104468,175103,2011,9,26,16,O,Xavier Noria
104469,175103,2011,10,30,12,O,Xavier Noria
104470,175103,2011,11,28,23,O,Xavier Noria
104471,175103,2011,12,24,51,O,Xavier Noria
104472,175103,2012,1,30,22,O,Xavier Noria
104473,175103,2012,2,22,41,O,Xavier Noria
104474,175103,2012,3,29,17,O,Xavier Noria
104475,175103,2012,4,9,25,O,Xavier Noria
104476,175103,2012,5,29,10,O,Xavier Noria
104477,175103,2012,6,29,9,O,Xavier Noria
104478,175103,2012,7,28,20,O,Xavier Noria
104479,175103,2012,8,28,25,O,Xavier Noria
104480,175103,2012,9,24,37,O,Xavier Noria
104481,175103,2012,10,31,22,O,Xavier Noria
104482,175103,2012,11,26,7,O,Xavier Noria
104483,175103,2012,12,31,11,O,Xavier Noria
104484,175103,2013,1,28,28,O,Xavier Noria
104485,175103,2013,2,21,43,O,Xavier Noria
104486,175103,2013,3,29,34,O,Xavier Noria
104487,175103,2013,4,26,32,O,Xavier Noria
104488,175103,2013,5,9,16,O,Xavier Noria
104489,175103,2013,6,6,12,O,Xavier Noria
104490,175103,2013,7,26,10,O,Xavier Noria
104491,175103,2013,8,26,15,O,Xavier Noria
104492,175103,2013,9,6,3,O,Xavier Noria
104503,175556,2004,11,30,30,O,David Heinemeier Hansson
104504,175556,2004,12,31,259,O,David Heinemeier Hansson
104505,175556,2005,1,25,218,O,David Heinemeier Hansson
104506,175556,2005,2,28,211,O,David Heinemeier Hansson
104507,175556,2005,3,31,208,O,David Heinemeier Hansson
104508,175556,2005,4,30,176,O,David Heinemeier Hansson
104509,175556,2005,5,22,81,O,David Heinemeier Hansson
104510,175556,2005,6,30,102,O,David Heinemeier Hansson
104511,175556,2005,7,28,188,O,David Heinemeier Hansson
104512,175556,2005,8,26,2,O,David Heinemeier Hansson
104513,175556,2005,9,30,156,O,David Heinemeier Hansson
104514,175556,2005,10,30,89,O,David Heinemeier Hansson
104515,175556,2005,11,21,50,O,David Heinemeier Hansson
104516,175556,2005,12,30,26,O,David Heinemeier Hansson
104517,175556,2006,1,31,23,O,David Heinemeier Hansson
104518,175556,2006,2,28,86,O,David Heinemeier Hansson
104519,175556,2006,3,31,171,O,David Heinemeier Hansson
104520,175556,2006,4,27,45,O,David Heinemeier Hansson
104521,175556,2006,5,31,21,O,David Heinemeier Hansson
104522,175556,2006,6,29,32,O,David Heinemeier Hansson
104523,175556,2006,7,31,23,O,David Heinemeier Hansson
104524,175556,2006,8,31,27,O,David Heinemeier Hansson
104525,175556,2006,9,20,71,O,David Heinemeier Hansson
104526,175556,2006,10,26,38,O,David Heinemeier Hansson
104527,175556,2006,11,30,26,O,David Heinemeier Hansson
104528,175556,2006,12,31,11,O,David Heinemeier Hansson
104529,175556,2007,1,31,9,O,David Heinemeier Hansson
104530,175556,2007,2,26,38,O,David Heinemeier Hansson
104531,175556,2007,3,28,10,O,David Heinemeier Hansson
104532,175556,2007,4,30,36,O,David Heinemeier Hansson
104533,175556,2007,5,31,20,O,David Heinemeier Hansson
104534,175556,2007,6,28,27,O,David Heinemeier Hansson
104535,175556,2007,7,24,8,O,David Heinemeier Hansson
104536,175556,2007,8,21,5,O,David Heinemeier Hansson
104537,175556,2007,9,30,139,O,David Heinemeier Hansson
104538,175556,2007,10,31,9,O,David Heinemeier Hansson
104539,175556,2007,11,30,35,O,David Heinemeier Hansson
104540,175556,2007,12,31,48,O,David Heinemeier Hansson
104541,175556,2008,1,21,15,O,David Heinemeier Hansson
104542,175556,2008,2,29,4,O,David Heinemeier Hansson
104543,175556,2008,3,31,58,O,David Heinemeier Hansson
104544,175556,2008,4,30,17,O,David Heinemeier Hansson
104545,175556,2008,5,31,20,O,David Heinemeier Hansson
104546,175556,2008,6,20,23,O,David Heinemeier Hansson
104547,175556,2008,7,19,5,O,David Heinemeier Hansson
104548,175556,2008,8,15,1,O,David Heinemeier Hansson
104549,175556,2008,9,9,15,O,David Heinemeier Hansson
104550,175556,2008,10,31,27,O,David Heinemeier Hansson
104551,175556,2008,11,22,71,O,David Heinemeier Hansson
104552,175556,2008,12,28,4,O,David Heinemeier Hansson
104553,175556,2009,1,27,4,O,David Heinemeier Hansson
104554,175556,2009,2,28,16,O,David Heinemeier Hansson
104555,175556,2009,3,15,7,O,David Heinemeier Hansson
104556,175556,2009,4,16,2,O,David Heinemeier Hansson
104557,175556,2009,5,11,1,O,David Heinemeier Hansson
104558,175556,2009,11,23,1,O,David Heinemeier Hansson
104559,175556,2009,12,31,46,O,David Heinemeier Hansson
104560,175556,2010,1,11,19,O,David Heinemeier Hansson
104561,175556,2010,2,6,27,O,David Heinemeier Hansson
104562,175556,2010,3,28,1,O,David Heinemeier Hansson
104563,175556,2010,4,13,14,O,David Heinemeier Hansson
104564,175556,2010,5,31,1,O,David Heinemeier Hansson
104565,175556,2010,6,9,17,O,David Heinemeier Hansson
104566,175556,2010,7,26,6,O,David Heinemeier Hansson
104567,175556,2010,8,29,8,O,David Heinemeier Hansson
104568,175556,2010,9,1,2,O,David Heinemeier Hansson
104569,175556,2010,11,16,1,O,David Heinemeier Hansson
104570,175556,2010,12,29,1,O,David Heinemeier Hansson
104571,175556,2011,3,31,10,O,David Heinemeier Hansson
104572,175556,2011,4,27,49,O,David Heinemeier Hansson
104573,175556,2011,5,24,32,O,David Heinemeier Hansson
104574,175556,2011,6,8,12,O,David Heinemeier Hansson
104575,175556,2011,8,23,3,O,David Heinemeier Hansson
104576,175556,2011,10,19,9,O,David Heinemeier Hansson
104577,175556,2011,12,19,8,O,David Heinemeier Hansson
104578,175556,2012,1,27,3,O,David Heinemeier Hansson
104579,175556,2012,3,20,8,O,David Heinemeier Hansson
104580,175556,2012,7,27,2,O,David Heinemeier Hansson
104581,175556,2012,8,30,14,O,David Heinemeier Hansson
104582,175556,2012,9,4,3,O,David Heinemeier Hansson
104583,175556,2012,10,31,17,O,David Heinemeier Hansson
104584,175556,2012,12,26,12,O,David Heinemeier Hansson
104585,175556,2013,1,14,15,O,David Heinemeier Hansson
104586,175556,2013,2,25,3,O,David Heinemeier Hansson
104587,175556,2013,4,23,10,O,David Heinemeier Hansson
104588,175556,2013,6,4,3,O,David Heinemeier Hansson
104589,175556,2013,7,28,2,O,David Heinemeier Hansson
104590,175556,2013,8,13,1,O,David Heinemeier Hansson
104618,178284,2008,3,31,20,O,Pratik
104619,178284,2008,4,24,22,O,Pratik
104620,178284,2008,5,29,17,O,Pratik
104621,178284,2008,6,28,18,O,Pratik
104622,178284,2008,7,31,20,O,Pratik
104623,178284,2008,8,31,11,O,Pratik
104624,178284,2008,9,13,3,O,Pratik
104625,178284,2008,10,27,26,O,Pratik
104626,178284,2008,11,26,26,O,Pratik
104627,178284,2008,12,30,31,O,Pratik
104628,178284,2009,1,29,18,O,Pratik
104629,178284,2009,2,28,10,O,Pratik
104630,178284,2009,3,24,17,O,Pratik
104631,178284,2009,4,21,7,O,Pratik
104632,178284,2009,5,30,35,O,Pratik
104633,178284,2009,6,30,5,O,Pratik
104634,178284,2009,7,30,8,O,Pratik
104635,178284,2009,8,17,17,O,Pratik
104636,178284,2009,10,19,7,O,Pratik
104637,178284,2009,12,31,83,O,Pratik
104638,178284,2010,1,3,116,O,Pratik
104639,178284,2010,2,12,2,O,Pratik
104640,178284,2010,3,10,3,O,Pratik
104641,178284,2010,4,13,15,O,Pratik
104642,178284,2010,5,17,8,O,Pratik
104643,178284,2010,6,3,3,O,Pratik
104644,178284,2010,7,15,4,O,Pratik
104645,178284,2010,8,31,5,O,Pratik
104646,178284,2010,9,6,1,O,Pratik
104647,178284,2010,11,1,3,O,Pratik
104648,178284,2010,12,30,4,O,Pratik
104649,178284,2011,1,31,3,O,Pratik
104650,178284,2011,3,25,1,O,Pratik
104651,178284,2011,9,10,1,O,Pratik
104652,178284,2011,10,26,1,O,Pratik
104653,178284,2012,8,28,5,O,Pratik
