PQID,CMT,UNM,CAT
3420,10,Sascha Montellese,I
3541,3,Sascha Montellese,I
3552,1,Sascha Montellese,I
3731,19,Sascha Montellese,I
3756,7,Sascha Montellese,I
3779,1,Sascha Montellese,I
3875,8,Sascha Montellese,I
3894,3,Sascha Montellese,I
3906,1,Jonathan Marshall,I
3907,1,Jonathan Marshall,I
3938,1,Sascha Montellese,I
3942,1,Sascha Montellese,I
3943,2,Sascha Montellese,I
3970,5,Jonathan Marshall,I
4035,16,Sascha Montellese,I
4081,10,Sascha Montellese,I
4098,2,Sascha Montellese,I
4178,7,Sascha Montellese,I
4230,9,Sascha Montellese,I
4274,1,Sascha Montellese,I
4281,205,Salvatore Sanfilippo,I
4347,14,Sascha Montellese,I
4367,165,Salvatore Sanfilippo,I
4387,2,Sascha Montellese,I
4437,47,Sascha Montellese,I
4529,1,Sascha Montellese,I
4548,1,Sascha Montellese,I
4581,39,Sascha Montellese,I
4609,7,Sascha Montellese,I
4658,211,Salvatore Sanfilippo,I
4735,11,Sascha Montellese,I
4782,1,Sascha Montellese,I
4812,24,Salvatore Sanfilippo,I
4822,1,Sascha Montellese,I
4926,208,Salvatore Sanfilippo,I
4933,1,Jonathan Marshall,I
4960,1,Jonathan Marshall,I
4980,2,Jonathan Marshall,I
5026,213,Salvatore Sanfilippo,I
5032,1,Sascha Montellese,I
5034,1,Jonathan Marshall,I
5036,1,Jonathan Marshall,I
5042,5,Jonathan Marshall,I
5049,1,Jonathan Marshall,I
5108,1,Jonathan Marshall,I
5112,1,Jonathan Marshall,I
5127,1,Jonathan Marshall,I
5158,4,Jonathan Marshall,I
5206,1,Sascha Montellese,I
5209,4,Sascha Montellese,I
5242,2,Jonathan Marshall,I
5258,1,Sascha Montellese,I
5278,1,Sascha Montellese,I
5289,1,Sascha Montellese,I
5290,2,Sascha Montellese,I
5305,1,Jonathan Marshall,I
5328,2,Sascha Montellese,I
5336,123,Salvatore Sanfilippo,I
5345,1,Sascha Montellese,I
5362,1,Jonathan Marshall,I
5365,3,Jonathan Marshall,I
5367,3,Sascha Montellese,I
5369,4,Sascha Montellese,I
5398,72,Salvatore Sanfilippo,I
5418,28,Salvatore Sanfilippo,I
5490,9,Jonathan Marshall,I
5496,3,Sascha Montellese,I
5506,2,Sascha Montellese,I
5508,4,Jonathan Marshall,I
5515,15,Jonathan Marshall,I
5518,5,Sascha Montellese,I
5522,1,Jonathan Marshall,I
5587,1,Sascha Montellese,I
5593,1,Sascha Montellese,I
5594,3,Sascha Montellese,I
5597,1,Sascha Montellese,I
5604,1,Jonathan Marshall,I
5606,2,Jonathan Marshall,I
5614,1,Jonathan Marshall,I
5619,1,Sascha Montellese,I
5622,2,Sascha Montellese,I
5625,3,Sascha Montellese,I
5627,1,Sascha Montellese,I
5629,10,Sascha Montellese,I
5649,47,Russell Belfer,I
5684,1,Sascha Montellese,I
5702,1,Jonathan Marshall,I
5722,5,Sascha Montellese,I
5723,1,Sascha Montellese,I
5762,4,Sascha Montellese,I
5764,10,Russell Belfer,I
5767,1,Russell Belfer,I
5769,3,Sascha Montellese,I
5789,1,Russell Belfer,I
5799,19,Russell Belfer,I
5814,2,Russell Belfer,I
5817,3,Sascha Montellese,I
5829,1,Sascha Montellese,I
5831,6,Sascha Montellese,I
5851,2,Russell Belfer,I
5865,2,Russell Belfer,I
5873,1,Russell Belfer,I
5895,14,Russell Belfer,I
5902,4,Russell Belfer,I
5918,1,Sascha Montellese,I
5923,2,Sascha Montellese,I
5936,2,Russell Belfer,I
5945,1,Russell Belfer,I
5946,2,Russell Belfer,I
5948,3,Russell Belfer,I
5950,1,Russell Belfer,I
5954,4,Russell Belfer,I
5958,1,Russell Belfer,I
5960,1,Russell Belfer,I
5968,12,Russell Belfer,I
5969,1,Sascha Montellese,I
5978,12,Russell Belfer,I
5983,1,Russell Belfer,I
5986,1,Russell Belfer,I
5989,1,Russell Belfer,I
5994,1,Sascha Montellese,I
6005,1,Russell Belfer,I
6012,5,Russell Belfer,I
6026,12,Russell Belfer,I
6030,1,Russell Belfer,I
6031,2,Russell Belfer,I
6032,5,Russell Belfer,I
6042,1,Russell Belfer,I
6046,1,Russell Belfer,I
6048,1,Russell Belfer,I
6061,1,Russell Belfer,I
6062,2,Russell Belfer,I
6067,4,Russell Belfer,I
6094,4,Russell Belfer,I
6107,1,Russell Belfer,I
6120,5,Russell Belfer,I
6129,6,Russell Belfer,I
6138,3,Jonathan Marshall,I
6142,6,Russell Belfer,I
6148,8,Russell Belfer,I
6160,5,Russell Belfer,I
6170,3,Russell Belfer,I
6175,3,Russell Belfer,I
6180,2,Russell Belfer,I
6185,12,Russell Belfer,I
6201,7,Jonathan Marshall,I
6215,1,Russell Belfer,I
6222,12,Sascha Montellese,I
6223,3,Russell Belfer,I
6225,3,Russell Belfer,I
6226,1,Russell Belfer,I
6228,11,Russell Belfer,I
6245,4,Sascha Montellese,I
6261,1,Russell Belfer,I
6262,2,Sascha Montellese,I
6266,1,Russell Belfer,I
6271,4,Russell Belfer,I
6278,3,Russell Belfer,I
6290,1,Russell Belfer,I
6295,1,Russell Belfer,I
6302,3,Russell Belfer,I
6333,6,Sascha Montellese,I
6340,2,Russell Belfer,I
6341,5,Jonathan Marshall,I
6342,3,Russell Belfer,I
6345,2,Jonathan Marshall,I
6356,2,Sascha Montellese,I
6374,1,Russell Belfer,I
6377,1,Russell Belfer,I
6384,1,Russell Belfer,I
6386,1,Russell Belfer,I
6397,3,Russell Belfer,I
6411,1,Russell Belfer,I
6412,14,Russell Belfer,I
6418,1,Russell Belfer,I
6425,1,Russell Belfer,I
6432,1,Russell Belfer,I
6435,1,Russell Belfer,I
6437,10,Russell Belfer,I
6445,1,Russell Belfer,I
6462,2,Russell Belfer,I
6488,1,Russell Belfer,I
6517,1,Russell Belfer,I
6532,2,Sascha Montellese,I
6551,2,Russell Belfer,I
6581,2,Russell Belfer,I
6605,24,Russell Belfer,I
6610,2,Jonathan Marshall,I
6637,2,Jonathan Marshall,I
6662,2,Jonathan Marshall,I
6664,2,Russell Belfer,I
6677,1,Russell Belfer,I
6714,3,Russell Belfer,I
6716,46,Jonathan Marshall,I
6725,1,Russell Belfer,I
6776,1,Russell Belfer,I
6789,2,Russell Belfer,I
6813,3,Russell Belfer,I
6817,2,Russell Belfer,I
6863,3,Russell Belfer,I
6875,1,Russell Belfer,I
6893,3,Russell Belfer,I
6895,7,Sascha Montellese,I
6910,5,Sascha Montellese,I
6911,1,Russell Belfer,I
6914,5,Sascha Montellese,I
6920,1,Sascha Montellese,I
6927,1,Russell Belfer,I
6940,1,Sascha Montellese,I
6942,4,Russell Belfer,I
6964,2,Russell Belfer,I
6967,2,Russell Belfer,I
6979,7,Sascha Montellese,I
6987,1,Russell Belfer,I
7000,2,Russell Belfer,I
7006,1,Russell Belfer,I
7011,15,Sascha Montellese,I
7026,2,Russell Belfer,I
7054,2,Russell Belfer,I
7058,2,Russell Belfer,I
7075,6,Russell Belfer,I
7086,5,Russell Belfer,I
7091,1,Sascha Montellese,I
7111,3,Russell Belfer,I
7158,1,Russell Belfer,I
7181,3,Jonathan Marshall,I
7194,6,Jonathan Marshall,I
7240,3,Sascha Montellese,I
7268,2,Aaron Patterson,I
7292,1,Russell Belfer,I
7327,3,Jonathan Marshall,I
7349,14,Sascha Montellese,I
7352,2,Russell Belfer,I
7371,5,Jonathan Marshall,I
7376,1,Russell Belfer,I
7395,2,Jonathan Marshall,I
7414,1,Jonathan Marshall,I
7429,4,Jonathan Marshall,I
7436,2,Russell Belfer,I
7438,2,Russell Belfer,I
7446,1,Russell Belfer,I
7454,1,Sascha Montellese,I
7468,2,Joshua Peek,I
7495,22,Jonathan Marshall,I
7506,6,Russell Belfer,I
7509,1,Jonathan Marshall,I
7515,10,Jonathan Marshall,I
7522,25,Jonathan Marshall,I
7525,8,Russell Belfer,I
7535,5,Russell Belfer,I
7537,1,N. Taylor Mullen,I
7544,1,Russell Belfer,I
7545,1,David Fowler,I
7546,6,Russell Belfer,I
7548,4,N. Taylor Mullen,I
7561,150,N. Taylor Mullen,I
7563,2,Russell Belfer,I
7564,13,Russell Belfer,I
7571,4,Russell Belfer,I
7572,1,Sascha Montellese,I
7579,1,Sascha Montellese,I
7585,2,Russell Belfer,I
7586,1,lukasz karluk,I
7594,1,Sascha Montellese,I
7613,17,Russell Belfer,I
7622,2,Sascha Montellese,I
7623,1,Russell Belfer,I
7634,3,Russell Belfer,I
7643,4,arturo,I
7650,2,Sascha Montellese,I
7656,3,Theodore Watson,I
7662,10,Russell Belfer,I
7664,2,David Fowler,I
7668,3,David Fowler,I
7672,1,N. Taylor Mullen,I
7675,3,Russell Belfer,I
7686,2,N. Taylor Mullen,I
7692,2,Russell Belfer,I
7694,1,David Fowler,I
7695,7,Russell Belfer,I
7697,3,Russell Belfer,I
7722,4,Russell Belfer,I
7727,3,N. Taylor Mullen,I
7734,1,David Fowler,I
7740,3,Russell Belfer,I
7741,1,David Fowler,I
7742,1,N. Taylor Mullen,I
7745,3,Russell Belfer,I
7748,2,David Fowler,I
7758,4,Russell Belfer,I
7763,1,David Fowler,I
7769,4,N. Taylor Mullen,I
7781,1,David Fowler,I
7784,1,David Fowler,I
7785,3,N. Taylor Mullen,I
7792,2,N. Taylor Mullen,I
7801,2,N. Taylor Mullen,I
7803,27,arturo,I
7806,2,David Fowler,I
7816,38,Jonathan Marshall,I
7822,1,David Fowler,I
7835,2,arturo,I
7838,3,arturo,I
7840,3,N. Taylor Mullen,I
7849,1,lukasz karluk,I
7854,1,David Fowler,I
7865,1,David Fowler,I
7867,35,arturo,I
7874,1,David Fowler,I
7886,2,David Fowler,I
7888,1,N. Taylor Mullen,I
7923,2,N. Taylor Mullen,I
7927,1,N. Taylor Mullen,I
7932,1,Kyle McDonald,I
7940,3,Theodore Watson,I
7941,3,Sascha Montellese,I
7942,2,David Fowler,I
7943,1,lukasz karluk,I
7952,1,Sascha Montellese,I
7954,3,Sascha Montellese,I
7956,1,Theodore Watson,I
7971,3,N. Taylor Mullen,I
7972,1,Jonathan Marshall,I
7980,1,N. Taylor Mullen,I
7982,3,Jonathan Marshall,I
7994,4,N. Taylor Mullen,I
8006,1,Theodore Watson,I
8009,2,arturo,I
8050,38,Jonathan Marshall,I
8052,11,N. Taylor Mullen,I
8059,5,N. Taylor Mullen,I
8066,2,Jonathan Marshall,I
8078,3,David Fowler,I
8084,6,N. Taylor Mullen,I
8116,1,Jonathan Marshall,I
8117,1,Jonathan Marshall,I
8122,1,Jonathan Marshall,I
8134,1,arturo,I
8154,2,arturo,I
8165,1,Theodore Watson,I
8168,1,Kyle McDonald,I
8169,3,arturo,I
8180,1,Theodore Watson,I
8185,3,Theodore Watson,I
8189,1,arturo,I
8190,10,lukasz karluk,I
8204,1,arturo,I
8209,2,lukasz karluk,I
8212,1,Kyle McDonald,I
8219,2,arturo,I
8228,1,Theodore Watson,I
8230,1,David Fowler,I
8233,2,N. Taylor Mullen,I
8236,1,David Fowler,I
8246,1,arturo,I
8254,4,David Fowler,I
8255,4,Theodore Watson,I
8257,4,lukasz karluk,I
8260,1,David Fowler,I
8261,4,Theodore Watson,I
8266,3,Theodore Watson,I
8291,2,David Fowler,I
8295,1,Theodore Watson,I
8298,5,Kyle McDonald,I
8300,78,N. Taylor Mullen,I
8301,1,arturo,I
8305,1,lukasz karluk,I
8306,1,Jonathan Marshall,I
8311,1,Sascha Montellese,I
8313,1,David Fowler,I
8317,16,arturo,I
8319,21,N. Taylor Mullen,I
8325,1,lukasz karluk,I
8329,3,David Fowler,I
8330,1,lukasz karluk,I
8336,3,Theodore Watson,I
8343,1,David Fowler,I
8346,45,Theodore Watson,I
8361,5,Theodore Watson,I
8368,5,Theodore Watson,I
8371,155,Theodore Watson,I
8375,3,David Fowler,I
8383,2,David Fowler,I
8385,3,N. Taylor Mullen,I
8397,5,David Fowler,I
8398,13,Sascha Montellese,I
8427,2,Theodore Watson,I
8429,1,David Fowler,I
8431,2,Theodore Watson,I
8434,1,lukasz karluk,I
8438,2,Jonathan Marshall,I
8440,32,N. Taylor Mullen,I
8447,2,Jonathan Marshall,I
8456,3,N. Taylor Mullen,I
8458,2,lukasz karluk,I
8459,1,lukasz karluk,I
8464,3,Kyle McDonald,I
8467,1,lukasz karluk,I
8468,1,lukasz karluk,I
8470,3,Jonathan Marshall,I
8476,5,lukasz karluk,I
8482,1,David Fowler,I
8486,1,Kyle McDonald,I
8489,3,N. Taylor Mullen,I
8499,1,lukasz karluk,I
8500,1,N. Taylor Mullen,I
8503,1,N. Taylor Mullen,I
8543,3,Jonathan Marshall,I
8556,1,N. Taylor Mullen,I
8557,3,Sascha Montellese,I
8563,2,Sascha Montellese,I
8564,2,N. Taylor Mullen,I
8568,6,N. Taylor Mullen,I
8580,2,Jonathan Marshall,I
8588,1,David Fowler,I
8589,1,Jonathan Marshall,I
8593,3,Jonathan Marshall,I
8599,1,Sascha Montellese,I
8604,5,Jonathan Marshall,I
8609,1,Sascha Montellese,I
8627,5,Sascha Montellese,I
8630,7,N. Taylor Mullen,I
8634,5,N. Taylor Mullen,I
8636,1,Jonathan Marshall,I
8641,1,N. Taylor Mullen,I
8643,1,David Fowler,I
8651,7,David Fowler,I
8653,3,Jonathan Marshall,I
8658,176,Theodore Watson,I
8660,1,Jonathan Marshall,I
8664,1,David Fowler,I
8670,2,David Fowler,I
8675,10,N. Taylor Mullen,I
8681,10,David Fowler,I
8693,26,N. Taylor Mullen,I
8695,1,Jonathan Marshall,I
8696,10,David Fowler,I
8705,1,David Fowler,I
8715,5,N. Taylor Mullen,I
8723,1,N. Taylor Mullen,I
8730,5,Jonathan Marshall,I
8732,179,N. Taylor Mullen,I
8736,1,Kyle McDonald,I
8738,2,Theodore Watson,I
8739,1,Kyle McDonald,I
8752,2,Sascha Montellese,I
8753,1,David Fowler,I
8755,2,David Fowler,I
8758,6,David Fowler,I
8760,4,David Fowler,I
8765,5,N. Taylor Mullen,I
8769,6,N. Taylor Mullen,I
8779,1,David Fowler,I
8788,2,David Fowler,I
8791,3,N. Taylor Mullen,I
8800,22,N. Taylor Mullen,I
8810,1,David Fowler,I
8812,1,David Fowler,I
8813,2,David Fowler,I
8816,24,N. Taylor Mullen,I
8824,7,arturo,I
8825,4,David Fowler,I
8826,5,David Fowler,I
8842,9,N. Taylor Mullen,I
8860,6,David Fowler,I
8866,1,David Fowler,I
8883,1,David Fowler,I
8887,8,N. Taylor Mullen,I
8888,5,N. Taylor Mullen,I
8891,4,David Fowler,I
8900,3,David Fowler,I
8904,11,N. Taylor Mullen,I
8933,3,N. Taylor Mullen,I
8940,2,N. Taylor Mullen,I
8949,206,N. Taylor Mullen,I
8954,1,lukasz karluk,I
8955,2,David Fowler,I
8969,7,N. Taylor Mullen,I
8979,1,N. Taylor Mullen,I
8989,133,Theodore Watson,I
8994,2,N. Taylor Mullen,I
8996,1,David Fowler,I
8999,5,N. Taylor Mullen,I
9011,1,N. Taylor Mullen,I
9017,1,David Fowler,I
9019,2,David Fowler,I
9021,1,David Fowler,I
9027,2,lukasz karluk,I
9031,5,arturo,I
9032,2,David Fowler,I
9038,6,N. Taylor Mullen,I
9039,1,arturo,I
9041,1,arturo,I
9052,3,arturo,I
9057,9,N. Taylor Mullen,I
9065,6,N. Taylor Mullen,I
9072,2,arturo,I
9075,3,Kyle McDonald,I
9077,16,arturo,I
9079,1,David Fowler,I
9080,1,Kyle McDonald,I
9084,4,arturo,I
9087,1,arturo,I
9088,2,arturo,I
9090,1,arturo,I
9099,1,arturo,I
9118,1,arturo,I
9124,2,arturo,I
9126,129,Theodore Watson,I
9140,4,N. Taylor Mullen,I
9147,2,N. Taylor Mullen,I
9149,1,N. Taylor Mullen,I
9196,6,arturo,I
9209,8,arturo,I
9250,3,arturo,I
9252,1,arturo,I
9264,3,arturo,I
9278,1,arturo,I
9283,1,arturo,I
9307,1,arturo,I
9309,1,Kyle McDonald,I
9313,3,arturo,I
9317,19,lukasz karluk,I
9318,3,lukasz karluk,I
9320,7,arturo,I
9327,1,arturo,I
9341,2,arturo,I
9347,53,arturo,I
9365,7,arturo,I
9366,3,arturo,I
9382,3,lukasz karluk,I
9391,1,Theodore Watson,I
9393,7,Theodore Watson,I
9394,3,arturo,I
9396,1,lukasz karluk,I
9398,1,Theodore Watson,I
9401,23,Sascha Montellese,I
9402,29,arturo,I
9412,32,Theodore Watson,I
9426,27,Theodore Watson,I
9428,1,arturo,I
9439,1,arturo,I
9440,1,arturo,I
9443,2,arturo,I
9444,13,lukasz karluk,I
9445,8,arturo,I
9451,2,Theodore Watson,I
9452,3,Theodore Watson,I
9474,1,lukasz karluk,I
9476,2,lukasz karluk,I
9485,250,Alexey,I
9488,2,arturo,I
9521,2,Jonathan Marshall,I
9538,1,Jonathan Marshall,I
9540,5,Jonathan Marshall,I
9541,161,Theodore Watson,I
9552,1,Kyle McDonald,I
9574,1,arturo,I
9583,1,lukasz karluk,I
9592,5,lukasz karluk,I
9594,6,lukasz karluk,I
9596,2,arturo,I
9597,86,arturo,I
9602,1,Kyle McDonald,I
9611,1,lukasz karluk,I
9613,1,lukasz karluk,I
9621,1,lukasz karluk,I
9635,1,lukasz karluk,I
9639,1,lukasz karluk,I
9641,36,Theodore Watson,I
9646,5,Jonathan Marshall,I
9651,10,arturo,I
9668,3,lukasz karluk,I
9685,5,Theodore Watson,I
9688,5,Jonathan Marshall,I
9690,1,Theodore Watson,I
9693,5,arturo,I
9695,1,arturo,I
9704,2,Theodore Watson,I
9731,3,lukasz karluk,I
9733,1,lukasz karluk,I
9741,1,lukasz karluk,I
9750,3,lukasz karluk,I
9751,1,lukasz karluk,I
9756,53,Theodore Watson,I
9775,9,Jonathan Marshall,I
9786,163,Theodore Watson,I
9797,29,lukasz karluk,I
9807,7,arturo,I
9809,1,lukasz karluk,I
9814,1,arturo,I
9817,1,lukasz karluk,I
9820,3,Kyle McDonald,I
9823,3,Kyle McDonald,I
9827,1,Sascha Montellese,I
9833,3,Kyle McDonald,I
9836,1,Sascha Montellese,I
9839,8,Jonathan Marshall,I
9844,4,Kyle McDonald,I
9847,2,Sascha Montellese,I
9861,7,lukasz karluk,I
9876,162,Theodore Watson,I
9878,2,Sascha Montellese,I
9883,1,lukasz karluk,I
9889,1,lukasz karluk,I
9891,7,Kyle McDonald,I
9893,31,lukasz karluk,I
9897,15,Kyle McDonald,I
9909,3,Jonathan Marshall,I
9912,1,lukasz karluk,I
9916,1,lukasz karluk,I
9917,1,lukasz karluk,I
9919,4,lukasz karluk,I
9923,1,lukasz karluk,I
9924,9,Kyle McDonald,I
9977,3,Jonathan Marshall,I
9980,139,Theodore Watson,I
10002,15,Kyle McDonald,I
10009,14,Kyle McDonald,I
10017,14,Kyle McDonald,I
10031,128,Theodore Watson,I
10063,148,Theodore Watson,I
10073,1,Kyle McDonald,I
10077,1,Theodore Watson,I
10090,5,Kyle McDonald,I
10092,1,Sascha Montellese,I
10106,5,Kyle McDonald,I
10121,156,Theodore Watson,I
10127,156,Theodore Watson,I
10135,157,Theodore Watson,I
10139,1,Kyle McDonald,I
10140,48,Nay,I
10151,3,Jonathan Marshall,I
10154,1,lukasz karluk,I
10158,2,Kyle McDonald,I
10160,132,Theodore Watson,I
10175,3,Kyle McDonald,I
10177,121,Theodore Watson,I
10183,116,Theodore Watson,I
10203,1,arturo,I
10217,1,Kyle McDonald,I
10233,79,Theodore Watson,I
10246,2,Kyle McDonald,I
10292,9,arturo,I
10296,1,Kyle McDonald,I
10300,1,Kyle McDonald,I
10302,31,arturo,I
10326,1,Kyle McDonald,I
10335,1,arturo,I
10339,10,arturo,I
10340,90,Nay,I
10350,4,Sascha Montellese,I
10368,2,Kyle McDonald,I
10378,3,Kyle McDonald,I
10392,6,Kyle McDonald,I
10399,7,Kyle McDonald,I
10405,17,Nay,I
10406,90,Nay,I
10430,1,Jonathan Marshall,I
10431,9,Kyle McDonald,I
10437,10,Jonathan Marshall,I
10442,1,Kyle McDonald,I
10458,3,Sascha Montellese,I
10472,154,Nay,I
10478,3,Kyle McDonald,I
10480,8,Kyle McDonald,I
10489,1,Kyle McDonald,I
10521,1,Kyle McDonald,I
10537,1,Kyle McDonald,I
10548,2,arturo,I
10549,199,arturo,I
10572,1,Sascha Montellese,I
10594,18,Sascha Montellese,I
10634,55,arturo,I
10642,83,arturo,I
10652,16,Kyle McDonald,I
10657,16,Kyle McDonald,I
10702,77,Nay,I
10734,2,Kyle McDonald,I
10739,6,Kyle McDonald,I
10765,8,Jonathan Marshall,I
10803,7,Kyle McDonald,I
10808,20,Kyle McDonald,I
10822,1,Shauren,I
10829,4,Kyle McDonald,I
10831,3,Jonathan Marshall,I
10838,8,Kyle McDonald,I
10844,24,Kyle McDonald,I
10859,18,Jonathan Marshall,I
10950,245,Alexey,I
10968,1,Nay,I
10976,12,Nay,I
10987,212,Nay,I
10988,6,Jon Leighton,I
10990,1,blub,I
10991,1,blub,I
10992,1,blub,I
10996,1,blub,I
10997,211,Nay,I
10998,1,blub,I
11007,188,Nay,I
11012,174,Nay,I
11014,1,blub,I
11030,1,blub,I
11033,1,blub,I
11047,1,blub,I
11051,1,blub,I
11054,1,blub,I
11061,1,blub,I
11066,1,blub,I
11069,1,blub,I
11072,1,blub,I
11084,240,Alexey,I
11096,1,blub,I
11097,1,blub,I
11101,1,blub,I
11104,1,blub,I
11116,1,blub,I
11120,1,blub,I
11124,1,blub,I
11126,111,Nay,I
11128,1,blub,I
11136,1,blub,I
11142,1,blub,I
11147,3,Alexey,I
11148,1,blub,I
11149,1,blub,I
11153,1,blub,I
11159,1,blub,I
11175,1,blub,I
11177,1,blub,I
11189,1,blub,I
11190,1,blub,I
11200,1,blub,I
11207,1,blub,I
11209,2,blub,I
11210,2,blub,I
11211,1,blub,I
11213,1,blub,I
11214,1,blub,I
11252,7,Nay,I
11279,6,Nay,I
11300,1,blub,I
11301,38,Nay,I
11328,19,Nay,I
11334,118,Nay,I
11353,1,Subv,I
11354,24,Subv,I
11378,106,Nay,I
11389,1,blub,I
11410,95,Nay,I
11433,1,blub,I
11437,4,blub,I
11438,2,blub,I
11439,1,blub,I
11441,1,blub,I
11443,1,Alexey,I
11451,2,Subv,I
11474,1,Subv,I
11486,1,Subv,I
11493,1,Subv,I
11503,2,Subv,I
11525,2,Subv,I
11528,3,Subv,I
11536,1,Subv,I
11604,1,Subv,I
11625,5,Subv,I
11626,1,Subv,I
11689,2,Jonathan Marshall,I
11784,2,Shauren,I
12006,228,Nay,I
12008,228,Nay,I
12034,224,Nay,I
12046,1,Nay,I
12098,4,Nay,I
12130,1,blub,I
100335,1,Jon Leighton,O
100336,2,Jon Leighton,O
100337,41,Jon Leighton,O
100338,79,Jon Leighton,O
100339,7,Jon Leighton,O
100340,17,Jon Leighton,O
100341,18,Jon Leighton,O
100342,39,Jon Leighton,O
100343,60,Jon Leighton,O
100344,25,Jon Leighton,O
100345,43,Jon Leighton,O
100346,56,Jon Leighton,O
100347,3,Jon Leighton,O
100348,77,Jon Leighton,O
100349,117,Jon Leighton,O
100350,21,Jon Leighton,O
100351,5,Jon Leighton,O
100352,42,Jon Leighton,O
100353,61,Jon Leighton,O
100354,27,Jon Leighton,O
100355,10,Jon Leighton,O
100356,31,Jon Leighton,O
100357,40,Jon Leighton,O
100358,25,Jon Leighton,O
100359,8,Jon Leighton,O
100360,13,Jon Leighton,O
100361,10,Jon Leighton,O
100362,5,Jon Leighton,O
100363,17,Jon Leighton,O
100364,9,Jon Leighton,O
100365,6,Jon Leighton,O
100366,9,Jon Leighton,O
100572,43,Vijay Dev,O
100573,16,Vijay Dev,O
100574,2,Vijay Dev,O
100575,5,Vijay Dev,O
100576,37,Vijay Dev,O
100577,67,Vijay Dev,O
100578,36,Vijay Dev,O
100579,21,Vijay Dev,O
100580,48,Vijay Dev,O
100581,40,Vijay Dev,O
100582,59,Vijay Dev,O
100583,64,Vijay Dev,O
100584,56,Vijay Dev,O
100585,32,Vijay Dev,O
100586,44,Vijay Dev,O
100587,63,Vijay Dev,O
100588,93,Vijay Dev,O
100589,17,Vijay Dev,O
100590,11,Vijay Dev,O
100591,14,Vijay Dev,O
100592,20,Vijay Dev,O
100593,15,Vijay Dev,O
100594,13,Vijay Dev,O
100595,29,Vijay Dev,O
100596,8,Vijay Dev,O
100597,3,Vijay Dev,O
100598,9,Vijay Dev,O
100599,4,Vijay Dev,O
100600,11,Vijay Dev,O
100601,8,Vijay Dev,O
100602,3,Vijay Dev,O
100603,3,Vijay Dev,O
100604,4,Vijay Dev,O
100748,7,Santiago Pastorino,O
100749,15,Santiago Pastorino,O
100750,15,Santiago Pastorino,O
100751,56,Santiago Pastorino,O
100752,39,Santiago Pastorino,O
100753,50,Santiago Pastorino,O
100754,62,Santiago Pastorino,O
100755,46,Santiago Pastorino,O
100756,17,Santiago Pastorino,O
100757,30,Santiago Pastorino,O
100758,47,Santiago Pastorino,O
100759,30,Santiago Pastorino,O
100760,16,Santiago Pastorino,O
100761,11,Santiago Pastorino,O
100762,14,Santiago Pastorino,O
100763,21,Santiago Pastorino,O
100764,14,Santiago Pastorino,O
100765,31,Santiago Pastorino,O
100766,87,Santiago Pastorino,O
100767,81,Santiago Pastorino,O
100768,97,Santiago Pastorino,O
100769,17,Santiago Pastorino,O
100770,3,Santiago Pastorino,O
100771,20,Santiago Pastorino,O
100772,53,Santiago Pastorino,O
100773,16,Santiago Pastorino,O
100774,44,Santiago Pastorino,O
100775,23,Santiago Pastorino,O
100776,22,Santiago Pastorino,O
100777,16,Santiago Pastorino,O
100778,5,Santiago Pastorino,O
100779,16,Santiago Pastorino,O
100780,26,Santiago Pastorino,O
100781,17,Santiago Pastorino,O
100782,28,Santiago Pastorino,O
100783,11,Santiago Pastorino,O
100784,13,Santiago Pastorino,O
100785,11,Santiago Pastorino,O
100786,7,Santiago Pastorino,O
100787,18,Santiago Pastorino,O
100788,2,Santiago Pastorino,O
100789,6,Santiago Pastorino,O
100790,10,Santiago Pastorino,O
100791,13,Santiago Pastorino,O
100792,6,Santiago Pastorino,O
101063,3,Joshua Peek,O
101064,22,Joshua Peek,O
101065,13,Joshua Peek,O
101066,29,Joshua Peek,O
101067,89,Joshua Peek,O
101068,50,Joshua Peek,O
101069,4,Joshua Peek,O
101070,9,Joshua Peek,O
101071,36,Joshua Peek,O
101072,51,Joshua Peek,O
101073,36,Joshua Peek,O
101074,30,Joshua Peek,O
101075,21,Joshua Peek,O
101076,48,Joshua Peek,O
101077,27,Joshua Peek,O
101078,17,Joshua Peek,O
101079,28,Joshua Peek,O
101080,28,Joshua Peek,O
101081,100,Joshua Peek,O
101082,93,Joshua Peek,O
101083,38,Joshua Peek,O
101084,102,Joshua Peek,O
101085,92,Joshua Peek,O
101086,17,Joshua Peek,O
101087,16,Joshua Peek,O
101088,2,Joshua Peek,O
101089,12,Joshua Peek,O
101090,8,Joshua Peek,O
101091,9,Joshua Peek,O
101092,1,Joshua Peek,O
101093,9,Joshua Peek,O
101094,7,Joshua Peek,O
101095,3,Joshua Peek,O
101105,2,Aaron Patterson,O
101106,1,Aaron Patterson,O
101107,2,Aaron Patterson,O
101108,1,Aaron Patterson,O
101109,22,Aaron Patterson,O
101110,10,Aaron Patterson,O
101111,9,Aaron Patterson,O
101112,72,Aaron Patterson,O
101113,43,Aaron Patterson,O
101114,122,Aaron Patterson,O
101115,125,Aaron Patterson,O
101116,118,Aaron Patterson,O
101117,101,Aaron Patterson,O
101118,108,Aaron Patterson,O
101119,40,Aaron Patterson,O
101120,42,Aaron Patterson,O
101121,92,Aaron Patterson,O
101122,71,Aaron Patterson,O
101123,76,Aaron Patterson,O
101124,53,Aaron Patterson,O
101125,89,Aaron Patterson,O
101126,50,Aaron Patterson,O
101127,29,Aaron Patterson,O
101128,60,Aaron Patterson,O
101129,140,Aaron Patterson,O
101130,217,Aaron Patterson,O
101131,101,Aaron Patterson,O
101132,103,Aaron Patterson,O
101133,31,Aaron Patterson,O
101134,77,Aaron Patterson,O
101135,38,Aaron Patterson,O
101136,54,Aaron Patterson,O
101137,31,Aaron Patterson,O
101138,11,Aaron Patterson,O
101139,12,Aaron Patterson,O
101140,30,Aaron Patterson,O
101141,14,Aaron Patterson,O
101142,51,Aaron Patterson,O
101143,15,Aaron Patterson,O
101144,53,Aaron Patterson,O
101145,26,Aaron Patterson,O
101146,110,Aaron Patterson,O
101147,24,Aaron Patterson,O
101148,76,Aaron Patterson,O
101149,58,Aaron Patterson,O
101150,49,Aaron Patterson,O
101151,7,Aaron Patterson,O
101369,2,José Valim,O
101370,2,José Valim,O
101371,2,José Valim,O
101372,2,José Valim,O
101373,2,José Valim,O
101374,2,José Valim,O
101375,51,José Valim,O
101376,27,José Valim,O
101377,13,José Valim,O
101378,34,José Valim,O
101379,13,José Valim,O
101380,36,José Valim,O
101381,208,José Valim,O
101382,63,José Valim,O
101383,88,José Valim,O
101384,33,José Valim,O
101385,31,José Valim,O
101386,82,José Valim,O
101387,53,José Valim,O
101388,41,José Valim,O
101389,32,José Valim,O
101390,41,José Valim,O
101391,21,José Valim,O
101392,17,José Valim,O
101393,1,José Valim,O
101394,1,José Valim,O
101395,8,José Valim,O
101396,71,José Valim,O
101397,237,José Valim,O
101398,108,José Valim,O
101399,49,José Valim,O
101400,18,José Valim,O
101401,51,José Valim,O
101402,69,José Valim,O
101403,69,José Valim,O
101404,209,José Valim,O
101405,135,José Valim,O
101406,78,José Valim,O
101407,95,José Valim,O
101408,48,José Valim,O
101409,76,José Valim,O
101410,35,José Valim,O
101411,22,José Valim,O
101412,15,José Valim,O
101413,12,José Valim,O
101414,2,José Valim,O
101415,4,José Valim,O
101416,2,José Valim,O
101417,5,José Valim,O
101418,6,José Valim,O
101419,7,José Valim,O
101420,1,José Valim,O
101421,2,José Valim,O
101422,7,José Valim,O
101423,4,José Valim,O
101424,10,José Valim,O
101425,9,José Valim,O
101643,8,Michael Koziarski,O
101644,15,Michael Koziarski,O
101645,8,Michael Koziarski,O
101646,13,Michael Koziarski,O
101647,2,Michael Koziarski,O
101648,2,Michael Koziarski,O
101649,2,Michael Koziarski,O
101650,3,Michael Koziarski,O
101651,4,Michael Koziarski,O
101652,14,Michael Koziarski,O
101653,5,Michael Koziarski,O
101654,7,Michael Koziarski,O
101655,13,Michael Koziarski,O
101656,6,Michael Koziarski,O
101657,3,Michael Koziarski,O
101658,1,Michael Koziarski,O
101659,7,Michael Koziarski,O
101660,2,Michael Koziarski,O
101661,11,Michael Koziarski,O
101662,29,Michael Koziarski,O
101663,40,Michael Koziarski,O
101664,53,Michael Koziarski,O
101665,33,Michael Koziarski,O
101666,7,Michael Koziarski,O
101667,39,Michael Koziarski,O
101668,45,Michael Koziarski,O
101669,10,Michael Koziarski,O
101670,11,Michael Koziarski,O
101671,9,Michael Koziarski,O
101672,12,Michael Koziarski,O
101673,13,Michael Koziarski,O
101674,8,Michael Koziarski,O
101675,20,Michael Koziarski,O
101676,13,Michael Koziarski,O
101677,18,Michael Koziarski,O
101678,1,Michael Koziarski,O
101679,5,Michael Koziarski,O
101680,3,Michael Koziarski,O
101681,1,Michael Koziarski,O
101682,3,Michael Koziarski,O
101683,5,Michael Koziarski,O
101684,3,Michael Koziarski,O
101685,11,Michael Koziarski,O
101686,1,Michael Koziarski,O
101687,1,Michael Koziarski,O
101688,3,Michael Koziarski,O
101689,2,Michael Koziarski,O
101690,2,Michael Koziarski,O
101691,2,Michael Koziarski,O
101692,1,Michael Koziarski,O
101693,3,Michael Koziarski,O
101694,1,Michael Koziarski,O
101695,2,Michael Koziarski,O
101696,2,Michael Koziarski,O
101697,4,Michael Koziarski,O
101698,2,Michael Koziarski,O
101699,1,Michael Koziarski,O
101700,2,Michael Koziarski,O
101701,1,Michael Koziarski,O
101702,1,Michael Koziarski,O
101703,1,Michael Koziarski,O
101827,17,Jeremy Kemper,O
101828,61,Jeremy Kemper,O
101829,33,Jeremy Kemper,O
101830,60,Jeremy Kemper,O
101831,147,Jeremy Kemper,O
101832,27,Jeremy Kemper,O
101833,21,Jeremy Kemper,O
101834,9,Jeremy Kemper,O
101835,21,Jeremy Kemper,O
101836,40,Jeremy Kemper,O
101837,51,Jeremy Kemper,O
101838,68,Jeremy Kemper,O
101839,85,Jeremy Kemper,O
101840,25,Jeremy Kemper,O
101841,82,Jeremy Kemper,O
101842,52,Jeremy Kemper,O
101843,65,Jeremy Kemper,O
101844,24,Jeremy Kemper,O
101845,65,Jeremy Kemper,O
101846,6,Jeremy Kemper,O
101847,122,Jeremy Kemper,O
101848,67,Jeremy Kemper,O
101849,3,Jeremy Kemper,O
101850,88,Jeremy Kemper,O
101851,138,Jeremy Kemper,O
101852,33,Jeremy Kemper,O
101853,120,Jeremy Kemper,O
101854,85,Jeremy Kemper,O
101855,41,Jeremy Kemper,O
101856,61,Jeremy Kemper,O
101857,24,Jeremy Kemper,O
101858,22,Jeremy Kemper,O
101859,113,Jeremy Kemper,O
101860,36,Jeremy Kemper,O
101861,65,Jeremy Kemper,O
101862,19,Jeremy Kemper,O
101863,2,Jeremy Kemper,O
101864,109,Jeremy Kemper,O
101865,35,Jeremy Kemper,O
101866,20,Jeremy Kemper,O
101867,37,Jeremy Kemper,O
101868,21,Jeremy Kemper,O
101869,65,Jeremy Kemper,O
101870,77,Jeremy Kemper,O
101871,22,Jeremy Kemper,O
101872,4,Jeremy Kemper,O
101873,26,Jeremy Kemper,O
101874,33,Jeremy Kemper,O
101875,45,Jeremy Kemper,O
101876,135,Jeremy Kemper,O
101877,53,Jeremy Kemper,O
101878,25,Jeremy Kemper,O
101879,69,Jeremy Kemper,O
101880,68,Jeremy Kemper,O
101881,55,Jeremy Kemper,O
101882,8,Jeremy Kemper,O
101883,32,Jeremy Kemper,O
101884,8,Jeremy Kemper,O
101885,13,Jeremy Kemper,O
101886,5,Jeremy Kemper,O
101887,1,Jeremy Kemper,O
101888,1,Jeremy Kemper,O
101889,1,Jeremy Kemper,O
101890,24,Jeremy Kemper,O
101891,3,Jeremy Kemper,O
101892,13,Jeremy Kemper,O
101893,13,Jeremy Kemper,O
101894,14,Jeremy Kemper,O
101895,6,Jeremy Kemper,O
101896,42,Jeremy Kemper,O
101897,31,Jeremy Kemper,O
101898,1,Jeremy Kemper,O
101899,28,Jeremy Kemper,O
101900,27,Jeremy Kemper,O
101901,3,Jeremy Kemper,O
101902,18,Jeremy Kemper,O
101903,12,Jeremy Kemper,O
101904,6,Jeremy Kemper,O
101905,17,Jeremy Kemper,O
101906,8,Jeremy Kemper,O
101907,5,Jeremy Kemper,O
101908,3,Jeremy Kemper,O
101933,60,risk danger olson,O
101934,34,risk danger olson,O
101935,8,risk danger olson,O
101936,12,risk danger olson,O
101937,15,risk danger olson,O
101938,16,risk danger olson,O
101939,17,risk danger olson,O
101940,18,risk danger olson,O
101941,3,risk danger olson,O
101942,14,risk danger olson,O
101943,34,risk danger olson,O
101944,16,risk danger olson,O
101945,7,risk danger olson,O
101946,19,risk danger olson,O
101947,14,risk danger olson,O
101948,8,risk danger olson,O
101949,12,risk danger olson,O
101950,5,risk danger olson,O
101951,14,risk danger olson,O
101952,14,risk danger olson,O
101953,13,risk danger olson,O
101954,17,risk danger olson,O
101955,11,risk danger olson,O
101956,11,risk danger olson,O
101957,17,risk danger olson,O
101958,16,risk danger olson,O
101959,9,risk danger olson,O
101960,15,risk danger olson,O
101961,1,risk danger olson,O
101962,1,risk danger olson,O
101963,1,risk danger olson,O
101964,1,risk danger olson,O
101965,1,risk danger olson,O
101966,1,risk danger olson,O
102864,8,Piotr Sarnacki,O
102865,45,Piotr Sarnacki,O
102866,35,Piotr Sarnacki,O
102867,45,Piotr Sarnacki,O
102868,8,Piotr Sarnacki,O
102869,18,Piotr Sarnacki,O
102870,28,Piotr Sarnacki,O
102871,1,Piotr Sarnacki,O
102872,1,Piotr Sarnacki,O
102873,6,Piotr Sarnacki,O
102874,4,Piotr Sarnacki,O
102875,3,Piotr Sarnacki,O
102876,2,Piotr Sarnacki,O
102877,6,Piotr Sarnacki,O
102878,34,Piotr Sarnacki,O
102879,19,Piotr Sarnacki,O
102880,2,Piotr Sarnacki,O
102881,53,Piotr Sarnacki,O
102882,19,Piotr Sarnacki,O
102883,53,Piotr Sarnacki,O
102884,17,Piotr Sarnacki,O
102885,4,Piotr Sarnacki,O
102886,6,Piotr Sarnacki,O
102887,3,Piotr Sarnacki,O
102888,2,Piotr Sarnacki,O
102889,10,Piotr Sarnacki,O
102890,6,Piotr Sarnacki,O
102891,7,Piotr Sarnacki,O
102892,7,Piotr Sarnacki,O
102893,3,Piotr Sarnacki,O
102894,1,Piotr Sarnacki,O
102975,1,Carlos Antonio da Silva,O
102976,1,Carlos Antonio da Silva,O
102977,2,Carlos Antonio da Silva,O
102978,4,Carlos Antonio da Silva,O
102979,2,Carlos Antonio da Silva,O
102980,2,Carlos Antonio da Silva,O
102981,22,Carlos Antonio da Silva,O
102982,2,Carlos Antonio da Silva,O
102983,1,Carlos Antonio da Silva,O
102984,1,Carlos Antonio da Silva,O
102985,70,Carlos Antonio da Silva,O
102986,20,Carlos Antonio da Silva,O
102987,44,Carlos Antonio da Silva,O
102988,21,Carlos Antonio da Silva,O
102989,50,Carlos Antonio da Silva,O
102990,78,Carlos Antonio da Silva,O
102991,33,Carlos Antonio da Silva,O
102992,29,Carlos Antonio da Silva,O
102993,39,Carlos Antonio da Silva,O
102994,38,Carlos Antonio da Silva,O
102995,104,Carlos Antonio da Silva,O
102996,67,Carlos Antonio da Silva,O
102997,113,Carlos Antonio da Silva,O
102998,59,Carlos Antonio da Silva,O
102999,94,Carlos Antonio da Silva,O
103000,67,Carlos Antonio da Silva,O
103001,32,Carlos Antonio da Silva,O
103002,26,Carlos Antonio da Silva,O
103003,51,Carlos Antonio da Silva,O
103004,23,Carlos Antonio da Silva,O
103005,11,Carlos Antonio da Silva,O
103019,2,Rafael Mendonça França,O
103020,85,Rafael Mendonça França,O
103021,16,Rafael Mendonça França,O
103022,27,Rafael Mendonça França,O
103023,11,Rafael Mendonça França,O
103024,65,Rafael Mendonça França,O
103025,78,Rafael Mendonça França,O
103026,62,Rafael Mendonça França,O
103027,70,Rafael Mendonça França,O
103028,104,Rafael Mendonça França,O
103029,98,Rafael Mendonça França,O
103030,59,Rafael Mendonça França,O
103031,86,Rafael Mendonça França,O
103032,113,Rafael Mendonça França,O
103033,65,Rafael Mendonça França,O
103034,94,Rafael Mendonça França,O
103035,109,Rafael Mendonça França,O
103036,105,Rafael Mendonça França,O
103037,31,Rafael Mendonça França,O
103038,103,Rafael Mendonça França,O
103039,73,Rafael Mendonça França,O
103040,97,Rafael Mendonça França,O
103041,1,Rafael Mendonça França,O
104441,2,Xavier Noria,O
104442,2,Xavier Noria,O
104443,2,Xavier Noria,O
104444,1,Xavier Noria,O
104445,2,Xavier Noria,O
104446,10,Xavier Noria,O
104447,3,Xavier Noria,O
104448,40,Xavier Noria,O
104449,12,Xavier Noria,O
104450,18,Xavier Noria,O
104451,43,Xavier Noria,O
104452,30,Xavier Noria,O
104453,45,Xavier Noria,O
104454,38,Xavier Noria,O
104455,95,Xavier Noria,O
104456,17,Xavier Noria,O
104457,24,Xavier Noria,O
104458,19,Xavier Noria,O
104459,28,Xavier Noria,O
104460,10,Xavier Noria,O
104461,23,Xavier Noria,O
104462,45,Xavier Noria,O
104463,23,Xavier Noria,O
104464,49,Xavier Noria,O
104465,42,Xavier Noria,O
104466,37,Xavier Noria,O
104467,47,Xavier Noria,O
104468,16,Xavier Noria,O
104469,12,Xavier Noria,O
104470,23,Xavier Noria,O
104471,51,Xavier Noria,O
104472,22,Xavier Noria,O
104473,41,Xavier Noria,O
104474,17,Xavier Noria,O
104475,25,Xavier Noria,O
104476,10,Xavier Noria,O
104477,9,Xavier Noria,O
104478,20,Xavier Noria,O
104479,25,Xavier Noria,O
104480,37,Xavier Noria,O
104481,22,Xavier Noria,O
104482,7,Xavier Noria,O
104483,11,Xavier Noria,O
104484,28,Xavier Noria,O
104485,43,Xavier Noria,O
104486,34,Xavier Noria,O
104487,32,Xavier Noria,O
104488,16,Xavier Noria,O
104489,12,Xavier Noria,O
104490,10,Xavier Noria,O
104491,15,Xavier Noria,O
104492,3,Xavier Noria,O
104503,30,David Heinemeier Hansson,O
104504,259,David Heinemeier Hansson,O
104505,218,David Heinemeier Hansson,O
104506,211,David Heinemeier Hansson,O
104507,208,David Heinemeier Hansson,O
104508,176,David Heinemeier Hansson,O
104509,81,David Heinemeier Hansson,O
104510,102,David Heinemeier Hansson,O
104511,188,David Heinemeier Hansson,O
104512,2,David Heinemeier Hansson,O
104513,156,David Heinemeier Hansson,O
104514,89,David Heinemeier Hansson,O
104515,50,David Heinemeier Hansson,O
104516,26,David Heinemeier Hansson,O
104517,23,David Heinemeier Hansson,O
104518,86,David Heinemeier Hansson,O
104519,171,David Heinemeier Hansson,O
104520,45,David Heinemeier Hansson,O
104521,21,David Heinemeier Hansson,O
104522,32,David Heinemeier Hansson,O
104523,23,David Heinemeier Hansson,O
104524,27,David Heinemeier Hansson,O
104525,71,David Heinemeier Hansson,O
104526,38,David Heinemeier Hansson,O
104527,26,David Heinemeier Hansson,O
104528,11,David Heinemeier Hansson,O
104529,9,David Heinemeier Hansson,O
104530,38,David Heinemeier Hansson,O
104531,10,David Heinemeier Hansson,O
104532,36,David Heinemeier Hansson,O
104533,20,David Heinemeier Hansson,O
104534,27,David Heinemeier Hansson,O
104535,8,David Heinemeier Hansson,O
104536,5,David Heinemeier Hansson,O
104537,139,David Heinemeier Hansson,O
104538,9,David Heinemeier Hansson,O
104539,35,David Heinemeier Hansson,O
104540,48,David Heinemeier Hansson,O
104541,15,David Heinemeier Hansson,O
104542,4,David Heinemeier Hansson,O
104543,58,David Heinemeier Hansson,O
104544,17,David Heinemeier Hansson,O
104545,20,David Heinemeier Hansson,O
104546,23,David Heinemeier Hansson,O
104547,5,David Heinemeier Hansson,O
104548,1,David Heinemeier Hansson,O
104549,15,David Heinemeier Hansson,O
104550,27,David Heinemeier Hansson,O
104551,71,David Heinemeier Hansson,O
104552,4,David Heinemeier Hansson,O
104553,4,David Heinemeier Hansson,O
104554,16,David Heinemeier Hansson,O
104555,7,David Heinemeier Hansson,O
104556,2,David Heinemeier Hansson,O
104557,1,David Heinemeier Hansson,O
104558,1,David Heinemeier Hansson,O
104559,46,David Heinemeier Hansson,O
104560,19,David Heinemeier Hansson,O
104561,27,David Heinemeier Hansson,O
104562,1,David Heinemeier Hansson,O
104563,14,David Heinemeier Hansson,O
104564,1,David Heinemeier Hansson,O
104565,17,David Heinemeier Hansson,O
104566,6,David Heinemeier Hansson,O
104567,8,David Heinemeier Hansson,O
104568,2,David Heinemeier Hansson,O
104569,1,David Heinemeier Hansson,O
104570,1,David Heinemeier Hansson,O
104571,10,David Heinemeier Hansson,O
104572,49,David Heinemeier Hansson,O
104573,32,David Heinemeier Hansson,O
104574,12,David Heinemeier Hansson,O
104575,3,David Heinemeier Hansson,O
104576,9,David Heinemeier Hansson,O
104577,8,David Heinemeier Hansson,O
104578,3,David Heinemeier Hansson,O
104579,8,David Heinemeier Hansson,O
104580,2,David Heinemeier Hansson,O
104581,14,David Heinemeier Hansson,O
104582,3,David Heinemeier Hansson,O
104583,17,David Heinemeier Hansson,O
104584,12,David Heinemeier Hansson,O
104585,15,David Heinemeier Hansson,O
104586,3,David Heinemeier Hansson,O
104587,10,David Heinemeier Hansson,O
104588,3,David Heinemeier Hansson,O
104589,2,David Heinemeier Hansson,O
104590,1,David Heinemeier Hansson,O
104618,20,Pratik,O
104619,22,Pratik,O
104620,17,Pratik,O
104621,18,Pratik,O
104622,20,Pratik,O
104623,11,Pratik,O
104624,3,Pratik,O
104625,26,Pratik,O
104626,26,Pratik,O
104627,31,Pratik,O
104628,18,Pratik,O
104629,10,Pratik,O
104630,17,Pratik,O
104631,7,Pratik,O
104632,35,Pratik,O
104633,5,Pratik,O
104634,8,Pratik,O
104635,17,Pratik,O
104636,7,Pratik,O
104637,83,Pratik,O
104638,116,Pratik,O
104639,2,Pratik,O
104640,3,Pratik,O
104641,15,Pratik,O
104642,8,Pratik,O
104643,3,Pratik,O
104644,4,Pratik,O
104645,5,Pratik,O
104646,1,Pratik,O
104647,3,Pratik,O
104648,4,Pratik,O
104649,3,Pratik,O
104650,1,Pratik,O
104651,1,Pratik,O
104652,1,Pratik,O
104653,5,Pratik,O
